id;name;description;principal_name;principal_surname;lat;lon;country;postal_code;city;address;house;phone;fax;email;website;facebook;twitter;wikipedia;foundation_date;teaching_languages;ADEC;AERO;IDEN
7559925d-45cc-48f8-9337-2aca683f794a;Escuelas Vivas en Argentina;;;;;;;;;;;;;;;;;;;;;;
f1b3fadc-18c1-4ef1-94a8-2baae9307394;Noble High School;;;;;;United States;03906;North Berwick, ME;Somersworth Road;388;0012076762843;;;http://www.msad60.org/nhs;;;;;;;;
950860c4-17e1-4b39-932b-f2ddccab6af2;Questlife Learning;;;;;;;;;;;0061458278785;;;;;;;;;;;
15deaaea-1e88-4938-bdce-60e376be6a70;בית-הספר הדמוקרטי בבקעת אונו;;;;;;;;;;;;;;;;;;;;;;
00d81b51-e16e-4a8f-b79c-a26fbbd0c6a0;Sudbury Valley School;;;;;;United States;01701;Framingham, MA;Winch Street;2;0015088773030;;;http://www.sudburyvalley.org;https://www.facebook.com/SudburyValleySchool;https://twitter.com/SVS_School;;1968-01-01;;;;
08551b0d-bbce-48c4-89d7-d194a8bf0082;EnFamilia - Red Colombiana de Educación en Familia;;;;;;Colombia;;;;;;;;;;;;;;;1;
f06163dc-03a5-4441-bfde-fb6516c44deb;Trillium Charter School;;;;;;United States;97217;Portland, OR;North Interstate Avenue;5420;0015032853833;;;http://trilliumcharterschool.org;https://www.facebook.com/trilliumcharterschoolportlandoregon;https://twitter.com/TrilliumCharter;;2013-01-01;;;;
084689f1-aa6d-4a52-8aaa-7419bbad9b7a;Lumiar School;;;;;;Brazil;01333-030;Sao Paulo;"Rua Doutor Fausto Ferraz,
Bela Vista";64 e 74;00551132567092;;;http://www.lumiar.org.br;;;;2002-01-01;;;;
fa261c11-eeea-4dd3-a623-5f341610cb9d;Tokyo Shure Free School;;;;;;Japan;114-0022;Tokyo;"Kishimachi,
Kita";1 Chome-9-19;0081359933135;;;http://www.shure.or.jp/;;;;;;;;
76141dd5-c0a7-4c3a-be4a-a4c8e19176c4;של בית הספר הדמוקרטי לב השרון;;;;;;;;;;;;;;;;;;;;;;
1f25f8a6-36e8-4ca5-9aac-55a3013627b0;Ziniukas School;;;;;;Lithuania;09120;Vilnius;Žirmūnų gatvė;139A;00371852737261;;;www.ziniukas.lt;;;;2009-01-01;;;;
d6720af5-9264-4a44-9de0-d5e398ae89a8;Park School;;;;;;United Kingdom;TQ9 6EQ;Totnes, Devon;"Park Road,
Dartington Hall";;00441803864588;;;http://www.parkschoolonline.com;;;;1989-01-01;;;;
7a53cef5-211a-427a-a9ef-5cf7cb7655b9;Summerhill School;The oldest free democratic school in the world, open since 1921.;;;52.20648000;1.57643290;United Kingdom;IP16 4HY;Leiston, Suffolk;Westward Ho;Summerhill School;00441728830540;;;http://www.summerhillschool.co.uk;;;;1921-01-01;;;;
8b273410-76da-4e4c-a108-b270d336b4b6;Nyskolen;;;;;;Norway;0658;Oslo;Østerdalsgata;7A;004721899826;;;http://www.nyskolen.no;;;;;;;;
cf3e9028-d85c-49b2-8be5-db7caef10765;Colégio Nacional;;;;;;Brazil;21311-280;Rio de Janeiro;"Rua Clarimundo de Melo,
Quintino Bocaiúva";1195;005525968543;;;http://www.nacional.edu.br;;;;1978-01-01;;;;
fb58f80b-d9e0-44d5-b1f7-c002eade728c;Regent High School;;;;;;United Kingdom;NW1 1RX;London;"Chalton Street,
Kings Cross";Regent High School;01144 2073870126;;;http://www.regenthighschool.org.uk;;;;2011-01-01;;;;
8187ed61-93b1-4f44-a8e3-f389894cccc1;Freie Humanistische Schule;;;;;;Germany;26197;Großenkneten;"Am Forst,
Huntlosen";2;0049176 66848178;;;www.freie-humanistische-schule.de;;;;2005-01-01;;;;
0a60e412-29d3-4034-9567-6a312ffe36f1;Golden Grove School;;;;;;New Zealand;1061;Auckland City;"Grey Street,
Onehunga";57;006496364461;;;http://www.goldengrove.school.nz;;;;;;;;
8d494f62-0787-4a0d-ae10-4e42666609bf;iSkool;;;;;;China;;Shanghai;"Zhangyang Road,
Pudong";;;;;http://2014.iskool.cn;;;;;;;1;
5739da1d-a698-48de-95a5-3bba903c820d;ABC Montessori;;;;;;India;160009;Chandigarh;"Madhya Marg,
Sector 26";SCO 19;00911724353315;;;http://www.abcmontessori.net;;;;;;;1;
eb5840a7-4d77-44e6-9c8e-caf4f6c31ee4;Primrose School;;;;;;India;605010;Pondicherry;"Gundu Salai Road,
Oulgaret";63;00914132290106;;;http://www.primroseschool.org;;;;;;;1;
2d642147-df12-466e-929c-0e9162eb522c;Leonardo Gifted  School;;;;;;Romania;10257;Bucharest;"Strada Berzei,
Sector 1";22;0040729029484;;;http://leonardoschool.ro;https://www.facebook.com/LeonardoGiftedSchool;;;;;;1;
084ba1f0-97ad-4318-8cbb-90b1ee571ab9;African Virtual University;;;;;;Kenya;;Nairobi;"Ring Road,
Kilimani";Cape Office Park;00254202528333;;;http://www.avu.org;https://www.facebook.com/AfricanVirtualUniversity;;;;;;;
bddefe50-40cc-427a-bca3-5c8de46b7785;Tahrir Academy;;;;;;Egypt;;Cairo;"Street 151,
Al Maadi";;;;;http://tahriracademy.org;https://www.facebook.com/TahrirAcademy;https://twitter.com/tahriracademy;;;;;;
4f383668-577c-44d2-bdcd-aa102defd2b9;Flexible Learning Centre;;;;;;United Kingdom;B23 7RJ;Birmingham;"Slade Road,
Erdington";204;011441212403718;;;https://www.flexiblelearning.org.uk;https://www.facebook.com/flexible.learning.1;https://twitter.com/FlexAP;;;;;;
f71a8be8-17f8-4914-b1a9-64dab4714908;Royal American International School;;;;;;Cambodia;;Siem Reap;"Vihear Chen Village,
Sangkat Svay Dangkum";115;00855636666885;;;http://www.rais.edu.kh;https://www.facebook.com/rais.edu.kh;;;;;;;
56b9d03f-0c0e-422b-b960-875e0048a474;Discovery School  Burundi;;;;;;Burundi;;Bujumbura;"Bukiriro Avenue,
Commune Gihosha";7;0025722232059;;;http://www.discoveryschoolburundi.org;https://www.facebook.com/Discovery-School-Burundi-285766348117336;;;;;;;
f979a5dd-7124-48d0-9697-8cd8e28f321f;Teia Multicultural School;;;;;;Brazil;05002-010;Sao Paulo;"Rua Dona Germaine Burchard,
Água Branca";197;005538721035;;;http://www.teiamulticultural.com.br;https://www.facebook.com/pages/Teia-Multicultural/228708233830370;;;2005-11-09;;;;
6e20ae76-be9f-4739-91d3-df1d2bfc2fed;Politeia Escola Democrática;;;;;;Brazil;05002-062;Sao Paulo;"Rua Dona Germaine Burchard,
Água Branca";511;00551138039805;;;http://www.escolapoliteia.com.br;;https://twitter.com/@escolapoliteia;;;;;;
3874820c-0887-412b-a593-a2e3a6236708;Miguel Angel Asturias Academy;;;;;;Guatemala;09001;Quetzaltenango;"13 Calle,
Zona 3";24-43;0050277637770;;;www.asturiasacademy.org;https://www.facebook.com/pages/Miguel-Angel-Asturias-Academy/252279582228;https://twitter.com/asturiasacademy;;1994-01-01;;;;
b2b94cdc-8827-4e56-8d3d-9c6d73e79784;CIEJA Ermelino Matarazzo;;;;;;Brazil;03806-000;São Paulo, SP;"Avenida Paranaguá,
Ermelino Matarazzo";1954;005525477188;;;http://ciejaematarazzo.blogspot.ie;;;;1622-01-01;;;;
25c2c0f2-1d58-450a-b368-52971c042e67;Democratic School Makkuro-kurosuke;;;;;;Japan;679-2324;Kanzaki District, Hyōgo Prefecture;"Sakado,
Ichikawa-cho";592;0081790261129;;;http://www.geocities.jp/makkurohp;;;;;;;;
45e0c87e-5ddf-4072-bf51-36bdb6870b64;Tokyo Sudbury School;;;;;;Japan;;Tokyo;"Fukasawa,
Setagaya";7 Chome-9-7;03-5706-0133;;;http://tokyosudbury.com/;https://www.facebook.com/tokyosudbury;;;2009-01-01;;;;
f5e38d16-9d75-44ed-bf2c-cfa36613928f;Fairfield School;;;;;;New Zealand;9018;Dunedin;"Sickels Street,
Fairfield";10;006434882040;;;http://www.fairfield.school.nz;;;;;;;;
5087bdfb-6bad-4e59-9804-8d38d91afd6d;Raw Learning;;;;;;United States;24401;Staunton, VA;"VSDB Drive,
Suite 5";101;0015402923002;;;http://www.rawlearning.org;https://www.facebook.com/RawLearning;;;2008-01-01;;;;
64eae53e-e35a-4fc6-a15d-a8d13502e017;Associação Cidade Escola Aprendiz;;;;;;Brazil;05432-040;São Paulo;"Rua Padre João Gonçalves,
Pinheiros";152;00551130963900;;;http://cidadeescolaaprendiz.org.br;https://www.facebook.com/associacaocidadeescolaaprendiz;;;1997-01-01;;;;
78435f30-19d7-421a-99a4-1bd72195ca83;Aarohi Life Education;;;;;;India;635113;Kelamangalam;"Denkanikottai-Shoolagiri Road,
Thiyaranadurgam Village";Survey No 1032/2;00919845045833;;;http://www.aarohilife.org;https://www.facebook.com/aarohilife;;;;;;;
315ecc61-e7a7-4976-9c44-84636d10e5bf;Escola Básica da Ponte;;;;;;;4795-638;Santo Tirso;"Rua José Luís de Andrade,
São Tomé de Negrelos";Escola Básica da Ponte;00351252875350;;;http://www.escoladaponte.pt;https://www.facebook.com/escolabasicadaponte;;;1975-01-01;;;;
63a27143-12fe-4a48-80f6-e41e38459523;Shure University;;;;;;Japan;;Tokyo;"Wakamatsu-cho,
Shinjuku-ku";28-27;0081351559801;;;http://shureuniv.org;https://www.facebook.com/shureuniv;https://twitter.com/shureuniv;;2002-01-01;;;;
2638bd1b-b1ef-42ed-ad0e-36804646c268;Small Acres School;;;;;;United Kingdom;SE22 0SB;London;"Homestall Road,
Peckham";Peckham Rye Adventure Playground;011447530277491;;;http://www.smallacresschool.org;https://www.facebook.com/SmallAcresSchool;;;;;;;
be184285-ae93-4b6d-b3a3-ad94080c0fe3;Deep Springs College;;;;;;United States;93513;Big Pine, CA;"Deep Springs Ranch Road,
State Route 168";Deep Springs College;001760872200033;;;http://www.deepsprings.edu;https://www.facebook.com/Deep-Springs-College-131857996289;;;1917-01-01;;;;
aa9e4073-be30-4a13-85cb-c4d13b84350f;Elm International School;;;;;;Egypt;;Alexandria;"Mahmoud Abo El Ela street,
Kafr Abdu";14;00201020001560;;;http://elminternationalschool.com;https://www.facebook.com/Elmschool;https://twitter.com/Elmschool;;;;;1;
a909e569-2df1-4bb1-a344-9c904a0eaf83;Dorendal School;;;;;;Netherlands;6865 EN;Doorwerth;Bachlaan;23;0031263333892;;;http://www.dorendal.nl;;;;;;;;
57e4f609-01a4-4ef9-a1b7-1b05a4474066;Butterflies India NGO;;;;;;India;110016;Delhi;"Green Park Extension,
New Delhi";U-4;00911126163935;;;http://www.butterflieschildrights.org;https://www.facebook.com/Butterfliesindia;https://twitter.com/butterflies_in;;;;;1;
5c5b313b-1dd7-44dc-9131-3c743892023d;Hae Mill School;;;;;;;;Hongcheon, Gangwon Province;"Myeongdong-ri,
Nam-myeon";730-7;00827041848761;;;http://www.haemillschool.com;https://www.facebook.com/haemill;;;;;;1;
fc20e061-a81a-4e28-b0af-3f49e85619e0;Alternative Learning Resource School-Philippines;;;;;;Philippines;1113;Quezon City;"Agno Street cor. Cordillera Street,
Barangay Dona Josefa Marcos";26B;006327121189;;;http://www.alres-phils.com;https://www.facebook.com/ALRES-259824543529;;;;;;1;
12f75fac-f83e-4052-8a84-e79b38cf6e9b;Başka Bir Okul Mümkün Derneği;;;;;;Turkey;;Istanbul;"İlhan Sokak,
Beşiktaş";Pembe Rüya Apt. No:15 D:4;00905333834316;;;http://www.baskabirokulmumkun.net;https://www.facebook.com/baskabirokulmumkundernegi;https://twitter.com/BBOMDernegi;;;;;;
00051656-4764-4430-9aa8-2f6d8042588b;The Point;;;;;;United States;10474;New York City;"Garrison Avenue,
The Bronx";940;0017185424139;;;http://thepoint.org;https://www.facebook.com/pages/The-Point-CDC/108881392861;https://twitter.com/thepointcdc;;;;;;
d066ecdd-e088-4739-b6cf-b49a44a4a068;The Seedling Experimental School;;;;;;China;;New Taipei City;"The Doll Valley,
Wulai District";;00886226616648;;;http://www.seedling.tw;;;;;;;;1
ee8ce170-7fd8-4432-a80d-b78a2d8ada54;Sudbury Primary School;;;;;;United Kingdom;HA0 3EY;London;"Watford Road,
Wembley";;011442083854444;;;http://www.sudburyprimary.co.uk;;;;;;;;
16486230-d613-4a1b-868a-8ef927dfae6c;Cairo Institute of Liberal Arts and Science;;;;;;Egypt;;Cairo;"Al Fahamin,
El-Darb El-Ahmar";CILAS;;;;http://www.ci-las.org;https://www.facebook.com/cilasian;https://twitter.com/CILASian;;;;;;
4538d7f6-a58e-4327-90b4-2e3cd90e273d;Educate-Me Egypt;;;;;;Egypt;;Cairo;"Ramses Street,
Abbasseya";385;0020224677032;;;http://educateme-egypt.org;https://www.facebook.com/EducateMeEgypt;https://twitter.com/EducateMeEgypt;;;;;;
785d769b-c4fb-4c31-90c8-474a2af5dfe3;Roedean School (SA);;;;;;South Africa;2193;Johannesburg;"Princess of Wales Terrace,
Parktown";33;0027116473208;;;http://www.roedeanschool.co.za;https://www.facebook.com/RoedeanSchoolSA;https://twitter.com/RoedeanSchoolSA;;;;;;
20564576-b09d-436a-9409-6073f8899f2f;One Planet International School;;;;;;Ethiopia;1250;Addis Ababa;"Kebele: 08/09,
Bole Medhanealem";106;00251116181010;;;http://www.oneplanetschool.com;https://www.facebook.com/One-Planet-International-School-Ethiopia-97608204617;;;;;;;
03fbeb98-fd8e-4f08-9acc-a9cc9ffddf37;Chadwick International;;;;;;;22002;Incheon Metropolitan City;"Art center-daero 97 beon-gil,
Yeonsu District";45;0082322505000;;;http://www.chadwickinternational.org;https://www.facebook.com/chadwickinternational;https://twitter.com/Intl_Chadwick;;;;;;
df7a8224-7157-44f6-bc1e-5cc43b578df5;American International School of Brazzaville;;;;;;Republic of the Congo;;Brazzaville;"Rue des Ecole,
Bacongo";Case D 24 A;00242068680804;;;http://www.aisbrazza.org;;;;;;;;
0d031625-c6f5-4ebc-a79f-666b1554b1ac;The American School of Kinshasa;;;;;;Democratic Republic of the Congo;;Kinshasa;"Route de Matadi,
Ngaliema";;00243818846619;;;http://www.tasok.net;;https://twitter.com/Tasokinshasa;;;;;;
5158379d-e71c-4723-84b4-59adee721847;American International School of Liberia;;;;;;Liberia;;Monrovia;"Old Road,
Congo Town";;00231777818775;;;http://www.aismonrovia.com;;;;;;;;
d258da77-6087-4afe-8227-23733739029b;Ricks Institute;;;;;;Liberia;;Monrovia;"Bomi Hill Highway,
Virginia";;00231886419860;;;http://www.ricksonline.org;;;;;;;;
dc30848e-1507-4ffa-a877-88bae999aafa;Multiple Intelligence International School;;;;;;Philippines;;Quezon City;"Escaler Street,
Loyola Heights";4;;;;http://www.mi-childsplace.com.ph;https://www.facebook.com/Multiple-Intelligence-International-School-91829315675;https://twitter.com/miischool;;;;;;
12f13b98-1f06-4752-bb62-6f124c625310;Reggio Emilia India Foundation;;;;;;India;400020;Mumbai;"Backbay reclamation,
Marine Drive";178;00912222810307;;;http://www.reif.co.in;https://www.facebook.com/Reggio-Emilia-India-Foundation-686058841472450;;;;;;;
80f2f79b-5f8b-4f63-abea-36e0ee815678;Kether Educazione Incidentale;;;;;;Italy;37127;Verona;"Strada per Montecchio,
Avesa";15;;;;http://www.kether.it;https://www.facebook.com/ketherverona;;;;;;;
1223c1a1-1024-48cb-a136-62e77fef3f00;The African Union International School;;;;;;South Africa;1687;Johannesburg;"West Road,
Midrand";53;0027110237300;;;http://www.auis.co.za;https://www.facebook.com/AUIS-149421001796962;;;;;;;
e2428e9b-d112-4452-9e73-c47771c13c7f;Mission Hill K-8 School;;;;;;United States;02130;Boston, MA;"Child Street,
Jamaica Plain";20;0016176356384;;;http://www.missionhillschool.org;https://www.facebook.com/MissionHillSchool;;;1997-01-01;;;;
21c6f005-61ae-44b0-9729-4b899ae95edb;Cloud Forest School;;;;;;Costa Rica;60109;Puntarenas;Monteverde;El Centro de Educación Creativa;0050626455161;;;http://cloudforestschool.org;https://www.facebook.com/Cloud-Forest-School-Centro-de-Educaci%C3%B3n-Creativa-135466044381;;;;;;1;
170ba544-9087-48f0-b580-2855605c7603;GramMangal;;;;;;India;411038;Pune;Kothrud;;00912025386687;;;http://grammangal.org;https://www.facebook.com/grammangal;;;;;;1;
3d898c22-da2f-4c99-b2d4-e8e4bc84379a;iKiD Academy;;;;;;Egypt;;New Cairo;The 5th District;;00201122829666;;;http://ikidacademy.weebly.com;https://www.facebook.com/IKidAcademy-121751774689852;https://twitter.com/ikid_academy;;;;;;
adcefbec-369a-47fb-a2f8-464f427e4b1c;של בית הספר הדמוקרטי לב השרון;;;;;;Israel;42845;Mishmeret;כפר הנוער הדסים;;0097298919256;;;http://www.dlhschool.com;;;;;;;;
d13b56b7-ba73-448b-bae9-61c67e9e9b0b;Cuixmala School;;;;;;;;La Huerta;San Patricio - Melaque;;;;;http://cuixmalaschool.com;https://www.facebook.com/groups/351637788217984;;;;;;1;
08f986fd-c0c0-4e6b-9a01-c37e6d36f31f;Children for Change Cambodia;;;;;;Cambodia;12101;Phnom Penh;Khan Sensok;;;;;http://www.cccambodia.org;https://www.facebook.com/Children-for-Change-Cambodia-246053798757501;https://twitter.com/CCCPhnomPenh;;;;;;
0131382a-0e54-4281-bfc5-f7a16f3abcaa;Alwan wa Awtar;;;;;;Egypt;;Mokattam;El Hadaba El Wosta;Masaken El-Mahmodia, Block 9, Entrance 1;00201200388396;;;http://www.alwan-awtar.org;https://www.facebook.com/Alwan.Awtar;https://twitter.com/AlwanWaAwtar;;;;;;
de6488e9-c46e-4fbe-b4d8-e3f965132189;Anand Niketan Democratic School;;;;;;India;;Bhopal;Indus Empire;189;00917554223020;;;http://anbhopal.weebly.com;https://www.facebook.com/anand.niketan.94;;;;;;;
f744f78d-ba59-4e54-9712-33d57a6325ff;Kamuzu Academy;;;;;;Malawi;;Kasungu;Mtunthama;;002651259288;;;http://kamuzuacademy.com;https://www.facebook.com/kamuzuacademy;https://twitter.com/kamuzupe;;;;;;
11e173f8-72aa-4d43-a327-c9e5536cdbe7;Phoenix International Primary School;;;;;;Malawi;;Blantyre;Nyambadwe;;002651824845;;;http://www.phoenixschoolmalawi.com;https://www.facebook.com/Phoenix-International-Primary-School-184041171634024;;;;;;;
5a2945f5-c2f6-4347-89a1-924cdb2b3d59;DomFah Academy and Professional Institute;;;;;;Liberia;;Monrovia;Johnsonville;;;;;http://domfah.blogspot.ru;;;;;;;;
9accc111-4bb0-4179-b58f-084ec0517be0;International School of Ouagadougou;;;;;;Burkina Faso;;Ouagadougou;Zogona;Secteur 13, Rue 13.22, Porte 612;0022625362143;;;http://www.iso.bf;https://www.facebook.com/iso.ouagadougou;;;;;;;
4d6ecfb0-78d3-426e-90ae-61cb5e7473af;Espacio A School;;;;;;Puerto Rico;00-918;San Juan;Calle San Justo;157;0017877217426;;;www.espacioapr.org;;;;2007-01-01;;;;
8268dc6d-3578-4716-8d8a-8d49017baff7;River Rock School;;;;;;United States;05602;Montpelier, VT;Barre Street;46;0018022234700;;;http://riverrockschool.org;https://www.facebook.com/pages/River-Rock-School/123493389042;https://twitter.com/RiverRockSchool;;1992-01-01;;;;
4d9cce9f-232f-4b19-9da5-c0f8719e79e7;De Marlijn Primary School;;;;;;Netherlands;6862 XH;Oosterbeek;Van Spaenweg;11;0031263334423;;;http://www.demarlijn.nl;;;;;;;;
ccca5048-08a1-4f68-a190-71c68cb80051;Crawford La Lucia Pre-Primary;;;;;;South Africa;;La Lucia;Armstrong Avenue;79;0027315620057;;;http://crawfordschools.co.za/?page_id=55;;;;;;;;
4b64ad99-b4de-4076-ad37-5b4facb78816;Crawford Preparatory Italia;;;;;;South Africa;;Bedfordview;Marais Road;7;;;;http://crawfordschools.co.za/?page_id=11400;;;;;;;;
169c5aa3-0f4c-4ba8-8887-7fdb87d1d5aa;Lernwerkstatt im Wasserschloss;;;;;;Austria;3140;Pottenbrunn;Josef Trauttmansdorff-Straße;10;0043274243550;;;http://www.lernwerkstatt.at;https://www.facebook.com/LWSPottenbrunn;;;1990-01-01;German, English, Spanish;;;1
f19068a7-99b8-44de-9768-64fcef58274a;The Highland School;;;;;;United States;26346;Ellenboro, WV;Sycamore Springs Lane;98;0013048693250;;;www.thehighlandschool.org;https://www.facebook.com/TheHighlandSchool;;;1981-01-01;;;;
413201cf-cf6d-4450-8d94-f501c5abbfce;Windsor House School;;;;;;Canada;V7P 2M3;North Vancouver;Hamilton Avenue;2132;0016049033366;;;http://windsorhouseschool.org;;https://twitter.com/WindsorHouseBC;;;;;;
d887171e-4ad6-4f3a-b073-7e2c3759d4e0;Trampolina Szkoła Demokratyczna;;;;;;Poland;61-659;Poznań;Za Cytadelą ul.;108;0048531383600;;;www.trampolina.szkola.pl;https://www.facebook.com/SzkolaTrampolina;;;2013-09-03;;;;
85e03c6a-a211-4d05-9994-c48ba623c0ab;Little River Community School;;;;;;United States;13617;Canton, NY;County Route 25;1227;0013153799474;;;http://www.littleriverschool.org;;;;;;;;
e8aef7fe-9217-4ccc-aa91-d0f19c779840;The Tutorial School;;;;0.00000000;0.00000000;United States;87505;Santa Fe, NM;Brunn School Road;400;0015059881859;;;http://www.tutorialschool.org;https://www.facebook.com/tutorialschool;;;;;;1;
dd3c745a-8603-4792-8f45-fb6a99b260cb;Hanover High School;;;;;;United States;03755;Hanover, NH;Lebanon  Street;41;0016036433431;;;http://hhs.hanovernorwichschools.org;;;;;;;;
178c2ee2-34f4-49e8-8ecb-01ddae4a0da6;De Weide School;;;;;;Belgium;9420;Erpe-Mere;Sint-Apolloniastraat;11;003253774202;;;http://www.deweide.be;https://www.facebook.com/DeWeide;;;1973-01-01;;;;
00badae2-4633-47ba-9874-64dc8f0db3ab;Agate Private School;;;;;;Canada;L2R 2E4;St Catharines;Chaplin Avenue;43;0012899689781;;;http://www.learnfree.ca;https://www.facebook.com/Agate-Private-School-146369488728282;;;;;;;
594245aa-038d-4456-b411-75402b2869f8;ALPHA II Alternative School;;;;;;Canada;M6H 1M9;Toronto;Bloor Street West;1141;0014163930501;;;http://schools.tdsb.on.ca/alpha2;;;;2007-01-01;;;;
6f839dfb-881c-41c4-87ff-43cd4674e828;Village School Inc;;;;0.00000000;0.00000000;Australia;3136;Croydon, VIC;Holloway Road;9;0061397271752;;;http://www.villageschool.vic.edu.au;https://www.facebook.com/VillageSchooInc;;;1981-01-01;;;;
8aa511e8-fce1-439b-9ee5-4bde7ea01f43;Det frie Gymnasium;;;;;;Denmark;2200;Copenhagen;Mollegade;26;004535371111;;;http://www.detfri.dk;https://www.facebook.com/detfriegymnasium;;;1970-01-01;;;;
0e7adbed-61bf-44a5-b792-7505f6ca1bbb;Harzberg School;;;;;;Germany;32676;Lügde-Harzberg;Am Harzberg;1;004952829696940;;;http://www.bildungsschule-harzberg.de;;;;2008-01-01;;;;
e98cb6d2-d4ef-4ea9-a092-ca22a38cd015;Free Democratic School Kapriole;;;;;;Germany;79117;Freiburg;Oberrieder Straße;20;00497617073674;;;www.kapriole-freiburg.de;https://www.facebook.com/kapriole.freiburg;;;;;;;
ceec47f5-02fa-435e-97b2-b014d0f88303;Netzwerk-Schule;;;;;;Germany;10243;Berlin;Marchlewskistraße;40;00493040393340;;;http://schule.netzwerkspielkultur.de;;;;2008-08-31;;;;
e1fa927c-9445-4c25-91d3-599075135b55;Rogers Általános Iskola és Óvoda;;;;;;Hungary;1113;Budapest;Aga utca;10;003612093609;;;http://www.rogersiskola.hu;;;;1990-01-01;;;;
7d5997d8-a225-425c-a57b-1e280e50bcec;Free School Mie Shure;;;;;;Japan;514-0006;Tsu City, Mie Prefecture;Komeicho;328;0081592131115;;;http://www.mienoko.com;https://www.facebook.com/mieshure;https://twitter.com/mieshure;;2011-01-01;;;;
6e5b793f-d079-4732-bbf1-373df1939fe0;Seliba Sa Boithuto;;;;;;Lesotho;100;Maseru;Main South Road;Ha Tsautse;00266332190;;;http://www.ssb.org.ls;https://www.facebook.com/ssb.maseru;;;1992-01-01;;;;
a57d37d2-c0fc-4076-9a5d-1abea7ae2f6f;De Ruimte Soest;;;;;;Netherlands;3766 MA;Soest;Insingerstraat;39;0031356015321;;;http://www.deruimtesoest.nl;https://www.facebook.com/pages/Democratische-school-De-Ruimte/240739829317416;;;2003-01-01;;;;
c761541c-5402-4b7d-bd27-4b3c66b28578;Self-determination School №734;;;;;;Russia;105484;Moscow;Sirenevy Bulvar;58a;0074994610623;;;http://cog734.mskobr.ru;;;;;;;;
f1ba0a70-638c-477d-bb6b-ab764c6ef641;Self Managed Learning College;;;;;;United Kingdom;BN2 0JR;Brighton;Edward Street;64;;;;http://college.selfmanagedlearning.org;;;;1994-01-01;;;;
65a0d4a3-cad7-4584-b983-b484905ae9a3;Clonlara School;;;;;;United States;48104;Ann Arbor, MI;Jewett Avenue;1289;0017347694511;;;www.clonlara.org;https://www.facebook.com/ClonlaraHBEP;https://twitter.com/ClonlaraHome;;1967-01-01;;;;
fc3b8e48-d845-4a63-83ac-05222da4bcf2;Harriet Tubman Democratic High School;;;;;;United States;12202;Albany, NY;Elizabeth Street;59;0015183308385;;;http://tubmanschool.org;https://www.facebook.com/pages/Harriet-Tubman-Democratic-High-School/152743331429799;https://twitter.com/ht_dhs;;;;;;
192768a7-b2bb-46ef-92c1-d59468958f93;Rogers Középiskolában;;;;;;Hungary;1121;Budapest;Konkoly Thege Miklós út.;21;003612745758;;;http://www.rogers-kozepiskola.hu;;;;;;;;
c2d2b36a-23fb-4c23-b47f-8f958a2a6411;Freie aktive Schule auf den Fildern;;;;;;Germany;70771;Leinfelden-Echterdingen;Schönbuchstraße;4;00497117457377;;;http://www.pieks-fas.de;;;;2004-01-01;;;;
a9b261b4-e88c-4dfe-9fbb-fce6893e4e72;Freie Schule Heckenbeck;;;;;;Germany;37581;Bad Gandersheim;Kreuzstraße;13;00495563705659;;;www.freie-schule-heckenbeck.de;;;;2001-05-31;;;;
c8632a29-8b3e-4538-b425-5e8e42ed3f9e;Taikomųjų mokslų licėjus;;;;;;Lithuania;05120;Vilnius;Laisvės prospektas;58;0037067392687;;;http://www.tmlicejus.lt;https://www.facebook.com/tmlicejus;;;2012-01-09;;;;
af784272-ce9f-4050-a93c-8be31ebf450b;Fundacja Wolna Szkoła;;;;;;Poland;02-836;Warsaw;Dzierzby Street;27;0048226415715;;;http://wolnaszkola.org.pl;;;;2013-09-02;;;;
e8d3a4cc-f56e-454e-abcb-de772ef46d06;The Hurstbridge Learning Co-operative;;;;;;Australia;3099;Hurstbridge, VIC;Laceys Road;10;0061397181481;;;http://www.hurstbridgelearningcoop.vic.edu.au;https://www.facebook.com/Hurstbridge.Learning.Cooperative;;;1973-01-01;;;;
21350851-37eb-4310-aa9e-05b710a84087;Freyberg Community School;;;;;;New Zealand;0610;Te Atatu South, Auckland;Roberts Road;60;006498389664;;;http://www.freyberg.school.nz;https://www.facebook.com/pages/Freyberg-Community-School/265099770176987;;;1897-01-01;;;;
80c62b4d-7555-4fd7-a114-c805bf54ce47;Afiny School;;;;;;Ukraine;03141;Kyiv;Solomenskaya Street;35A;003805373684;;;http://www.athens.kiev.ua;https://www.facebook.com/school.athens;;;1994-01-01;;;;
a69eab2e-9abf-44cc-83ac-4cf69b4e5567;Guus Kieft School;;;;;;Netherlands;1182 HS;Amstelveen;Amsterdamseweg;380;0031648125068;;;http://www.guuskieftschool.nl;https://www.facebook.com/guuskieftschool;;;2006-01-01;;;;
30b29b9f-831e-43a7-a8f1-7cd008fd6ad2;Blackall Range Independent School;;;;;;Australia;4560;Kureelpa, QLD;Mapleton Road;551;0061754415227;;;http://www.brischool.com.au;https://www.facebook.com/brischool;;;1975-01-01;;;;
1b2d8857-7e08-4ffa-9cc0-b17a8da0f9bc;Pine Community School;;;;;;Australia;4054;Arana Hills, QLD;Bunya Road;123;0061738511496;;;http://www.pinecommunityschool.org;;;;1972-01-01;;;;
b71b98a2-0cbd-4026-a58d-5ff302c6f59b;Sherbrooke Community School;;;;;;Australia;3787;Sassafras, VIC;Mount Dandenong Tourist Road;311;0061397552007;;;http://www.sherbrooke.vic.edu.au;;;;1985-01-01;;;;
f6ea27f3-cfd1-401d-b5c5-6f9df8ff26e0;SelfDesign Learning Community;;;;;;Canada;V6R 4J5;Vancouver;West 4th Avenue;4196;0018773533374;;;http://selfdesign.org;https://www.facebook.com/SelfDesignLearningCommunity;;;1983-01-01;;;;
7f95f792-82b7-4142-ace0-5ca6e1cb6317;Freie Aktive Schule Kinderkosmos Esslingen;;;;;;Germany;73733;Esslingen am Neckar;Klosterallee;23;004915231865120;;;http://www.kinderkosmos-esslingen.de;https://www.facebook.com/kinderkosmos;;;2004-01-01;;;;
533dd17c-09bb-4451-84ac-1239e175f002;Die Freie Aktive Schule Tübingen;;;;;;Germany;72070;Tübingen;Schwärzlocher Straße;3;00497071885143;;;http://www.aktive-schule.de;;;;2000-01-01;;;;
f4e3d1d8-75fe-4e44-9be6-da7bce3fdca8;Freien Reformschule Speyer;;;;;;Germany;67346;Speyer;Herdstraße;5;00496232296983;;;http://www.reformschule-speyer.de;;;;;;;;
f19b725a-4149-4a30-a9d8-dcfa02286219;Freie Schule Spatz;;;;;;Germany;77654;Offenburg;Prinz-Eugen-Straße;4;00497819480824;;;http://www.freieschulespatz.de;;;;;;;;
98301c6c-22cd-47a7-9630-5722c5baa1eb;LernWerk e.V.;;;;;;Germany;74939;Zuzenhausen;Hubweg;9;00496226554740;;;http://www.montessori-lernwerk.de;;;;;;;;
5e48d2b8-5980-4005-849f-eafbfe8a0a78;The League for The Arabs of Jaffa;;;;;;Israel;68031;Jaffa;Yeffet st;73;0097236812290;;;http://www.arabyaffa.org;;;;1948-01-01;;;;
b9ec21bc-6bac-4d2f-92b5-e98948267044;Kinokuni Children's Village;;;;;;Japan;648-0035;Hashimoto, Wakayama Prefecture;Hikotani;51;0081736333370;;;http://www.kinokuni.ac.jp;;;;1984-01-01;;;;
63c200d4-b431-440c-b5d3-94df5a24e01f;Arthur Morgan School;;;;;;United States;28714;Burnsville, NC;AMS Circle;60;0018286754262;;;http://www.arthurmorganschool.org;https://www.facebook.com/ArthurMorganSchool;https://twitter.com/ArthurMorganSch;;1962-01-01;;;;
4cc7a501-758a-4506-be15-6f52ebdc3039;Brooklyn Free School;;;;;;United States;11238;Brooklyn, NY;Clinton Avenue;372;0017184992707;;;http://www.brooklynfreeschool.org;https://www.facebook.com/brooklynfreeschool;https://twitter.com/bklynfreeschool;;1983-01-01;;;;
ba6412a7-5073-4056-b9d8-882cadc8e768;Wayfinder Schools;;;;;;United States;04843;Camden, ME;Washington Street;79;0012072363000;;;http://wayfinderschools.org;https://www.facebook.com/wayfinderschools;;;1973-01-01;;;;
cd173b7b-9807-4c51-bd71-7737b44822e2;The Delta Program;;;;;;United States;16801;State College, PA;West Nittany Avenue;154;0018142311000;;;http://www.scasd.org;;;;1974-01-01;;;;
f57bf165-70ae-424a-a8c7-8eb535d81110;Three Rivers Village School;;;;;;United States;15207;Pittsburgh, PA;East Elizabeth Street;134;0014124083388;;;http://threeriversvillageschool.org;https://www.facebook.com/ThreeRiversVillageSchool;;;2012-01-01;;;;
8274ca68-e748-48c1-8c01-0de6dfce0c4d;Gaia Democratic School;;;;;;United States;55403;Minneapolis, MN;Mount Curve Avenue;900;0016128230154;;;http://www.gaiademocratic.org;https://www.facebook.com/GaiaDemocratic;https://twitter.com/GaiaDemSchool;;;;;;
be3aa923-d7e1-415a-8203-d09dde97334a;Great Oak School;;;;;;United States;77375;Tomball, TX;Carrell Street;715;0012815167296;;;http://www.greatoakschool.org;https://www.facebook.com/pages/Great-Oak-School/112222345831;;;2009-01-01;;;;
ef02e3e5-bf79-49d1-84d1-6865f65e8101;Highland Free School;;;;;;United States;85719;Tucson, AZ;South Highland Avenue;510;0015206230104;;;http://highlandfreeschool.org/;https://www.facebook.com/pages/Highland-Free-School/200560426642239;;;1970-01-01;;;;
57bb9f6b-ccca-4309-83e2-adb6fb0982a1;Jefferson County Open School;;;;;;United States;80214;Lakewood, CO;West 10th Avenue;7655;0013039827045;;;http://www.jeffcoopen.org;https://www.facebook.com/JEFFERSONCOUNTYOPENSCHOOL;;;1970-01-01;;;;
9dcab71f-bdb4-414a-a2bf-4b09743f7c01;Lehman Alternative Community School;;;;;;United States;14850;Ithaca, NY;Chestnut Street;111;0016072742183;;;http://www.ithacacityschools.org/index.cfm/page/lacs.htm;;;;1974-01-01;;;;
9169ae6e-2f3b-4750-a12c-4d4da5b66bf9;ALC Mosaic;;;;;;United States;28217;Charlotte, NC;East Arrowood Road;401;0017047099668;;;http://alcmosaic.org;https://www.facebook.com/alcmosaic;https://twitter.com/alcmosaic;;1968-01-01;;;;
40b38328-f128-455b-8d8a-1258a0513e52;The New School;;;;;;United States;04043;Kennebunk, ME;York Street;38;0012079853745;;;http://www.tnsk.org;;;;1970-01-01;;;;
38d72437-6b26-4c20-bda8-e976fa62619b;Play Mountain Place;;;;;;United States;90034;Los Angeles, CA;Hargis Street;6063;0013238704381;;;http://www.playmountain.org;https://www.facebook.com/PlayMountainPlace;;;;;;;
074ec24e-d327-40ca-bc48-49bda97d184d;Puget Sound Community School;;;;;;United States;98134;Seattle, WA;South Dearborn Street;660;0012063244350;;;http://pscs.org;https://www.facebook.com/PSCSfans;https://twitter.com/PSCSFans;;1994-01-01;;;;
789edb4c-8368-4bdd-83cd-6b3b9c04c3f5;The Raven Freedom School;;;;;;United States;01610;Worcester, MA;King Street;4;0015085611164;;;www.ravenfreedomschool.org;;;;2008-01-01;;;;
215a4bcb-ffa4-4e9c-ae4e-97e0ec4763b3;River School;;;;;;United States;04915;Belfast, ME;High Street;137;0012073221467;;;http://www.riverschoolbelfast.org;https://www.facebook.com/River-School-Belfast-192693927413266;;;2007-01-01;;;;
3dcf2174-295e-4493-82fb-26384f4e4ca2;Sego Lily School;;;;;;United States;84123;Murray, UT;West 4800 South;447;0018012749555;;;www.segolilyschool.org;https://www.facebook.com/Sego-Lily-School-194754680557291;;;2008-01-01;;;;
f919e123-3d20-48c1-951e-a8118b79b39f;Stellar Secondary School;;;;;;United States;99503;Anchorage, AK;Blueberry Road;2508;0019077424950;;;http://www.stellerschool712.org;;;;;;;;
7eb7b244-9020-4725-ace2-ca93249f702a;Sunset Sudbury Learning Community;;;;;;United States;33335;Fort Lauderdale, FL;Southwest 14th Street;99;0019544047785;;;http://sunsetsudbury.org;https://www.facebook.com/sunsetsudbury;https://twitter.com/sunsetsudbury;;;;;;
df88f325-62ce-4c62-a927-007c97ba657b;Whole Life Learning Center;;;;;;United States;78748;Austin, TX;Old San Antonio Road;10801;0015129440279;;;http://www.wholelifelearningcenter.com;https://www.facebook.com/wholelifelearningcenter;https://twitter.com/wllcaustin;;2011-01-01;;;;
c1acbe0e-549b-4989-9267-3de95a714f2e;Youth Initiative High School;;;;;;United States;54665;Viroqua, WI;E. Jefferson Street Suite 302;500;0016086376445;;;http://www.yihs.net;https://www.facebook.com/youthinitiativehighschool;;;1996-01-01;;;;
8c5c2300-94c6-4952-a670-c853f43c0175;TakingITGlobal;;;;;;Canada;M5H 3H1;Toronto;Duncan Street, Suite 505;19;0014169779363;;;http://www.tigweb.org;https://www.facebook.com/takingitglobal;https://twitter.com/takingitglobal;;1999-01-01;;;;
eed55cbe-b4e1-476c-a68c-df445d27a704;Calgary Board Of Education;;;;;;Canada;AB T2R 0L4;Calgary;8 Street Southwest;1221;0014038174000;;;http://www.cbe.ab.ca;;https://twitter.com/yyCBEdu;;;;;;
79b2010c-c138-4cf0-9d2c-5a34aaaba583;L’École de la Croisée des Chemins;;;;;;;21000;Dijon;Rue de la Marseillaise;10;0033951845067;;;http://ecoledelacroiseedeschemins.fr;https://www.facebook.com/EcoleDemocratiquedelaCroiseedesChemins;;;;;;;
fb95d1bb-be74-4e7b-997b-74a51bad1f3f;De Buitenplaats School;;;;;;Netherlands;9289 HH;Drogeham;De Buorren;66;0031644143116;;;http://www.debuitenplaats.nu;https://www.facebook.com/sociocratischeschooldebuitenplaats;;;;;;;
445d74dc-f641-445e-92fb-245f1f2a7778;The Family School at Larkhall;;;;;;United Kingdom;SW2 5NR;London;Lyham Road;206;011447989173391;;;http://familyschool.pbworks.com;;;;2007-01-01;;;;
ed257428-0630-43b9-934d-52f056498220;Sacramento Valley Charter School;;;;;;United States;95691-3046;West Sacramento, CA;Sellers Way;2399;0019165966422;;;http://www.sacvalleycharter.org;https://www.facebook.com/sacramentovalleycharterschool;;;;;;;
e3527678-1407-4cb4-b53c-cfe24c2edce6;Do Good Media;;;;;;United States;32064;Live Oak, FL;Ohio Avenue North;208;0013863622272;;;http://www.dogoodmedia.us;https://www.facebook.com/dogoodmedia;https://twitter.com/dogoodmediaINC;;2009-01-01;;;;
99a3987a-1d46-4f92-9a8e-9e016016b57e;Children’s Community School (Waterbury);;;;;;United States;06702;Waterbury, CT;Wolcott Street;31;0012035750659;;;http://www.ccswaterbury.org;https://www.facebook.com/CCSWaterburyCT;;;;;;;
2f4abab1-ae7f-473d-8ff4-3fe76200c8c2;Our Children's Community School;;;;;;United States;27455;Greensboro, NC;Joan Avenue;2204;0013362823332;;;http://occsgreensboro.org;https://www.facebook.com/Our-Childrens-Community-School-100848059961128;;;;;;;
1978c717-db97-43b1-9de9-1c92c0c61271;All Faiths Children's Academy;;;;;;United Kingdom;ME2 4UF;Strood, Kent;Gun Lane;Gun Lane Children’s Centre;011441634717115;;;http://www.allfaiths.medway.sch.uk;;;;;;;;
9466f173-ae28-447f-9148-15d60d670579;The Children’s Arts Institute;;;;;;United States;91411;Van Nuys, CA;Sylvan Street;14702;0018187806226;;;http://childrensartsinstitute.com;;;;;;;;
f7a27643-360e-4fc7-8110-21f99c6dc1bb;The Community School;;;;;;United States;03883;South Tamworth, NH;Bunker Hill Road;1164;0016033237000;;;http://www.communityschoolnh.net;;;;1989-01-01;;;;
a740c47c-eb04-4498-a59f-15cafc99a9dc;Ferme des Enfants;;;;;;Belgium;4000;Liège;Vieille-voie-de-Tongres;48;003242241324;;;http://www.lafermedesenfantsdeliege.be;https://www.facebook.com/profile.php?id=100010021904626;;;1994-01-01;;;;
4dd40778-8e69-4f45-9234-dc6d4ac0f449;Blink Basisonderwijs;;;;;;Netherlands;4105 BA;Culemborg;Jan van Riebeeckstraat;9;0031345523698;;;http://www.blinkschool.nl;;;;;;;;
6a5efd85-2b99-4349-8432-b9e58b4abd38;De Wegwijzer;;;;;;Netherlands;6865 GA;Doorwerth;Mozartlaan;1;0031263333782;;;http://www.obs-dewegwijzer.nl;;;;1922-01-01;;;;
b84c64e3-c23f-40bc-9397-e7caf4e7abf2;De Bernulphusschool;;;;;;Netherlands;6861 GR;Oosterbeek;Pastoor Bruggemanlaan;10;0031263332458;;;http://www.bernulphusschool.nl;https://www.facebook.com/bernulphusschool.oosterbeek;https://twitter.com/Bernulphus;;;;;;
0e3b6644-53cc-4398-85ae-581824cccbfb;Vita Vera School;;;;;;Netherlands;6871 HV;Renkum;Bram Streeflandweg;107;0031317313178;;;http://www.vitavera-skovv.nl;;https://twitter.com/VitaVeraSchool;;;;;;
130e2cc2-602f-438a-85d5-a621bb8608b9;Koonwarra Village School;;;;;;Australia;3954;Koonwarra;Koala Drive;20-26;006156642477;;;http://www.koonwarravillageschool.org;;;;2012-01-01;;;;
9baa921a-8bdd-4cd7-a10f-7024807debf9;Colegio Kurmi Wasi;;;;;;Bolivia;;Achocalla;Callejon Ingavi;38;0059122890285;;;http://www.kurmiwasi.org;https://www.facebook.com/Kurmi-Wasi-319136591472262;;;;;;;
e0f57b41-8430-45c2-aac0-4a3398041907;&Learning;;;;;;Denmark;2200;Copenhagen;Fælledvej;12;004540898902;;;http://andlearning.com;;;;;;;1;
91e7c806-a1d7-42f3-ac1f-2ba2a1a0f431;Fundación “Amigos de la Vida”, AMI;;;;;;Ecuador;;Cotacachi;Via A Imantag;1 km;00593998414756;;;http://fundacionami.org.ec;;;;;;;1;
c511e660-8654-448c-b830-5c94fc12ba2d;Ecole Dynamique;;;;;;France;75013;Paris;Rue du Dessous des Berges;2;0033783842797;;;http://www.ecole-dynamique.org;https://www.facebook.com/ecoledynamique;https://twitter.com/EcoleDynamique;;;;;1;
5656def5-b92e-42e7-9188-a12c5672f291;Freie Schule Bochum;;;;;;Germany;44799;Bochum;Wiemelhauser Straße;270;004923472648;;;http://www.freieschulebochum.de;;;;;;;;
bae369e4-9e02-46f5-aefa-4153e4ebd015;Fitzroy Community School;Description;;;0.00000000;0.00000000;Australia;3068;North Fitzroy, VIC;Brunswick Street;597;0061394892356;;;http://www.fcs.vic.edu.au;;;;1976-01-01;;;;
ddbccb67-6df9-4c3e-a14f-d0b7e4b6beb2;Jersey Shore Free School;;;;0.00000000;0.00000000;United States;07739;Little Silver, NJ;Birch Avenue;36;0017328420238;;;http://www.jerseyshorefreeschool.org;https://www.facebook.com/pages/Jersey-Shore-Free-School/42840932490;https://twitter.com/JSFSchool;;;;;;
597996ab-7781-40ea-9937-a9f06ce134f0;Remember Niger Coalition;;;;;;Niger;;Rockford, MI;Riga Avenue Northeast;6737;;;;http://www.rememberniger.org;;;;;;;;
bc307dfb-a825-40ae-835a-363730b78b98;Escuela de la Nueva Cultura La Cecilia;;;;;;Argentina;3014;Monte Vera;Provincial Route nº5 Km 3;Escuela La Cecilia;00543424904151;;;http://www.lacecilia.org.ar;https://www.facebook.com/escuelalacecilia;;;1990-11-01;Spanish;;;1
452e8cdc-5a77-4d6b-a3a2-374c415de7b5;L'école de La Ferme des Enfants;;;;;;France;07460;Berrias-et-Casteljau, Lablachère;Chaulet - Casteljau;Hameau des Buis;0033475350997;;;http://www.la-ferme-des-enfants.com;;;;2001-01-01;;;;
2be45a49-96c4-49b4-a98c-611c53cfc45b;Brisbane Independent School;;Jen;Haynes;;;Australia;4069;Pullenvale, QLD;Moggill Road;2447;0061733785466;;;http://www.bis.org.au;https://www.facebook.com/brisbaneindependentschool;;;1968-01-01;English;1;;1
b3c6e37b-b059-47cd-abd2-bea7dac5d6b9;ALAS - Aprendizaje en Libertad;;;;;;Mexico;44670;Guadalajara;Domingo Sarmiento;2904;;;;http://comunidadalas.wix.com/comunidadalas;https://www.facebook.com/ALAScomunidad;;;;;;1;
e4d7fdbc-609f-4cf0-9c3f-ff9ce7cdc846;ExAlt - Centro de Aprendizaje Ágil;;;;;;Puerto Rico;00925;San Juan;Calle Mariana Bracetti;51A;0017876323462;;;http://www.exaltpr.org;https://www.facebook.com/ExAltALC;;;;;;1;
f1a46d38-2c84-4034-a33e-0cde2f6a9f7d;Holistic Education School;;;;;;China;369;Zhuolan Township, Taiwan;Neiwan;141-3;00886425896909;;;http://holistic.so-buy.com;;;;;;;;
f20e50ea-9dda-4881-b8b7-b89e07b2599a;Northbridge International School Cambodia;;;;;;Cambodia;;Phnom Penh;Street 2004;;;;;http://www.nordangliaeducation.com/our-schools/cambodia;https://www.facebook.com/officialNISC;;;;;;;
5fe7c884-7c95-4641-935a-e2cb3b0dfd37;EducateMe;;;;;;United States;20003;Washington, DC;E Street Southeast;1613;;;;http://www.educateme.org;;;;;;;;
e278f11c-8e84-40b4-a085-bc8fe4842a89;Demokratische Werkcollege;;;;;;Austria;1090;Vienna;Währinger Straße;59;;;;http://college.schuelerinnenschule.at;;;;;;;;
534167e3-250d-4473-ac70-5d6756ae925f;Aga Khan Academy, Maputo;;;;;;Mozambique;;Maputo;Avenida Julius Nyerere;1187;0025821720963;;;http://agakhanacademies.org/maputo;https://www.facebook.com/AKAMaputo;;;;;;;
e7ba190a-c019-46fb-b952-f1d565262847;Kinma School;;;;0.00000000;0.00000000;Australia;2084;Terrey Hills, NSW;Coolowie Road;127;0061294500738;;;http://www.kinma.nsw.edu.au;https://www.facebook.com/kinmaschool;https://twitter.com/kinmaschool;;1971-01-01;English;1;1;1
6376affa-1dcb-449c-8780-10fc90cb19b5;MetEast High School;;;;;;United States;8103;Camden, NJ;Kaighn Avenue;1656;0018569665223;;;http://www.meteast.org;;;;;;;;
16d8359b-c46b-474a-a883-33378f4b48ab;Red Cedar School;;;;;;United States;05443;Bristol, VT;Hardscrabble Road;246;0018024535213;;;www.redcedarschool.com;https://www.facebook.com/pages/Red-Cedar-School/126452640788266;;;1989-01-01;;;;
452eb491-a29d-4836-8ddf-11438d3d29d7;Het Leerhuis Sudbury School;;;;;;Belgium;3070;Kortenberg;Abdijdreef;22;0032486689187;;;http://www.hetleerhuis.org;https://www.facebook.com/pages/Het-Leerhuis-Sudbury-school/43952134216?sk;;;2007-01-01;;;;
c82ac86f-f3df-426d-b6cd-fa0471622b5d;Bernadotteskolen;;;;;;Denmark;2900;Hellerup;Hellerupvej;11;004539621215;;;http://bernadotteskolen.skoleporten.dk;https://www.facebook.com/pages/Bernadotteskolen/209494549142470;;;1905-06-16;;;;
88d259f2-397b-4c1b-bccc-68198d7d024c;A.E.N. La Prairie;;;;;;France;31400;Toulouse;Rue des Néfliers;1;0033562268360;;;http://www.ecolecollege-laprairie.fr;;;;1974-01-01;;;;
c5ac4d05-eb6f-49df-991f-426c2f4802d4;Freie Schule Pankow;;;;;;Germany;13156;Berlin;Boris-Pasternak-Weg;9;0049304733083;;;http://freie-schule-pankow.de;;;;;;;;
a52fa38b-7543-41f3-a9f5-848f7fb52e0c;Freie Schule Leipzig e.V.;;;;;;Germany;, 04209;Leipzig;Alte Salzstraße;67;00493413013343;;;http://www.freie-schule-leipzig.de;https://www.facebook.com/pages/Freie-Schule-Leipzig-The-Leipzig-Free-School/119500798134529;;;1990-01-01;;;;
978a8b76-ca9c-45bd-9b44-c1bdaf65e7a4;Freie Ganztagsschule Leonardo;;;;;;Germany;07749;Jena;Marie-Juchacz-Straße;1;00493641 880050;;;www.leonardo-jena.de;;;;2007-08-01;;;;
06918d65-eb30-49c1-ad25-501a91cc31c4;Demokratische Schule X;;;;;;Germany;13503;Berlin;Keilerstraße;17a;00493060922621;;;www.demokratische-schule-x.de;https://www.facebook.com/DemokratischeSchuleX;https://twitter.com/DSX_Berlin;;2009-11-08;;;;
045a278e-0b30-41b7-b6f6-1a22b69940e9;TING-Schule;;;;;;Germany;13189;Berlin;Berliner Straße;100;00493047004506;;;http://www.ting-schule.de;https://www.facebook.com/TING.SudburySchule;;;2007-08-01;;;;
d9a10c2c-4b8e-4e01-b41f-af4ccb8b58af;Sri Atmananda Memorial School;;;;;;India;689 532;Kerala;Malakkara;Sri Atmananda Memorial School;;;;http://www.avef.org;;;;;;;;
d3ca53a6-81d1-4ac9-b834-fdd6056b8278;Okinawa Sudbury School;;;;;;Japan;901-2226;Ginowan City, Okinawa Prefecture;Kakazu 1-Chome;20-5;0081988901622;;;http://www.okinawa-ss.com;https://www.facebook.com/okinawasudbury;https://twitter.com/okinawasudbury;;;;;;
9fb73773-12c3-43d2-8869-e298b7f70f1b;Aventurijn School;;;;;;Netherlands;7371 GA;Loenen, Apeldoorn;Voorsterweg;1;0031555051222;;;www.aventurijn.org;;;;2000-01-01;;;;
5d5c128d-42db-4ba7-a470-9ad6204946e8;Newschool.nu;;;;;;Netherlands;3841 DL;Harderwijk;Hogepad;14;00310341269027;;;http://newschool.nu;https://www.facebook.com/Newschool.nu;https://twitter.com/Newschoolnu;;;;;;
a34ac854-af26-488c-8b16-392308e9f2fc;Sudbury School Gent;;;;;;Belgium;9040;Sint-Amandsberg;Antwerpsesteenweg;1026;003292224179;;;http://www.sudbury.be;https://www.facebook.com/SudburySchoolGent;https://twitter.com/Sudbury_Gent;;2010-01-01;;;;
8e4cb376-0fea-4b89-a663-e07b66016571;Autorska Szkoła Samorozwoju (ASSA);;;;;;Poland;51-315;Wroclaw;Kiełczowska Street;43;0048713307143;;;www.assa.wroc.pl;https://www.facebook.com/groups/1478479615735588/;;;1990-01-01;;;;
ba9d75dd-f4e4-4fbb-bd17-0371dad205e0;"Przedszkole ""Przyjaciele Żyrafy""";;;;;;Poland;01-590;Warszawa;Ks. J. Popiełuszki;14/117;0048228324294;;;http://www.przyjacielezyrafy.pl;https://www.facebook.com/PrzyjacieleZyrafy;;;;;;;
b8cbaa54-828d-4794-9733-3eb06cf92388;Lernstatt School;;;;;;Switzerland;4574;Nennigkofen;Dorfstrasse;40;0041326221875;;;www.lernstattschule.ch;;;;;;;;
d75ee793-28c4-4669-8454-3afdb531d844;Park-School of open projects;;;;;;Ukraine;04211;Kiev;Geroev Stalingrada avenue;4a bld, office 1;00380442370333;;;www.parkschool.com.ua;https://www.facebook.com/dixischool;https://twitter.com/parkschoolua;;2010-01-01;;;;
71d02310-798a-4805-aafd-a61cf899f048;Acorn Glen School;;;;;;United States;48103;Ann Arbor, MI;Miller Avenue;1547;0017345855555;;;www.acornglen.org;;;;2014-09-01;;;;
49b93d36-692e-4652-b212-dce18ba67e65;Clearview Sudbury School;;;;;;United States;78722;Austin, TX;Wilshire Boulevard;1507;0015125240085;;;www.clearviewsudburyschool.org;https://www.facebook.com/ClearviewSudburySchool;https://twitter.com/Clearviewschool;;;;;;
76a89af4-7274-43d4-94fc-c58345b75dd9;Diablo Valley School;;;;;;United States;94519;Concord, CA;Clayton Road;2924;0019256762982;;;http://www.diablovalleyschool.org;;;;1997-01-01;;;;
af91881f-d4d5-487f-bd01-5ba454e12856;Dr. Pedro Albizu Campos High School;;;;;;United States;60622;Chicago, IL;W. Division Street;2739-41;0017733428022;;;http://www.pedroalbizucamposhs.org;https://www.facebook.com/pedroalbizucamposcighschool;;;;;;;
af396e8b-b3f7-4448-97c1-0f2125a9c82c;Longview School;;;;;;United States;10509;Brewster, NY;Main Street;83;0018452598259;;;www.longviewschool.org;https://www.facebook.com/pages/Longview-School/261109973929362;;;;;;;
4b0eae79-b2cf-4a98-962e-9f7e63511a04;The Free School in Albany;;;;;;United States;12202;Albany, NY;Elm Street;8;0015184343072;;;http://www.albanyfreeschool.org/;https://www.facebook.com/albanyfreeschool;https://twitter.com/TFSALBANY;;2006-01-01;;;;
3290ae95-8a17-41f8-b9af-d9b15f34d3d4;Roskilde Sudbury School;;;;;;Denmark;4000;Roskilde;Vindingevej;31;004535371111;;;http://www.roskildesudburyskole.dk;https://www.facebook.com/roskildesudburyskole;;;2009-08-10;;;;
bc0224f9-1140-4f47-8744-fd3622e7f662;Det frie Gymnasium;;;;;;Denmark;2200;Copenhagen;Møllegade;26;004535371111;;;www.detfri.dk;https://www.facebook.com/detfriegymnasium;;;1970-01-01;;;;
437bc404-29cf-4268-918f-69d8aa756e9f;Die Freie Schule Odenwald – Drachenschule;;;;;;Germany;69483;Wald-Michelbach;Birkenweg;31;00496207924851;;;www.drachenschule-odenwald.de;https://www.facebook.com/fso.drachenschule;;;2005-11-01;;;;
948d0e95-a66e-4924-ae71-25a8eda729f5;Demokratische Schule Infinita;;;;;;Germany;23847;Steinhorst;Hauptstraße;4;004917638591248;;;www.infinita-schule.de;https://www.facebook.com/infinita.schule;;;2013-08-01;;;;
0005af57-b63c-4e24-8b5c-441dda22bf6b;Neue Schule Hamburg;;;;0.00000000;0.00000000;Germany;22149;Hamburg;Schimmelreiterweg;11;00494066909945;;;www.neue-schule-hamburg.org;https://www.facebook.com/neueschulehamburg;;;2007-01-01;;;;
830ff68f-3b84-46d5-9995-04c0d4dc634f;5en5is11 School;;;;;;Netherlands;6227 SZ;Maastricht;Veldstraat;20;0031438522829;;;http://www.5en5is11.nl;https://www.facebook.com/pages/5en5is11/130565330343391;https://twitter.com/5en5is11;;2011-08-29;;;;
44318219-439a-49e8-bf30-a50528f1c3a5;De Vallei democratische basisschool;;;;;;Netherlands;6665 AX;Driel;Fazantstraat;2;0031267370308;;;http://basisschooldevallei.nl;https://www.facebook.com/Bsdevallei;https://twitter.com/nldevallei;;2005-01-01;;;;
a5580216-fa18-4cfc-a0fe-4b2556d20efc;בית ספר דמוקרטי גבעול;;;;;;Israel;;Hadera;Mivtsa Ezra Street;7;0097246343223;;;http://www.givol.org;;;;1949-01-01;;;;
8bbec8a4-9f9e-4183-a6da-c226cd186834;Escuela Democrática de Huamachuco;;;;;;Peru;13301;Huamachuco, La Libertad Region;Jr. Ramon Castilla;208;005144949080581;;;http://escuela-democratica.org;https://www.facebook.com/pages/Escuela-Democr%C3%A1tica-de-Huamachuco/274371216029560;;;2009-01-01;;;;
e07bb44b-23ef-4f49-aa4d-699e687641fe;Schule Focus;;;;;;Switzerland;4103;Bottmingen;Wuhrmattstrasse;9;0041614214464;;;http://www.schulefokus.ch;;;;1968-01-01;;;;
2d6e41f0-6e60-420b-b584-2783b10f3f0a;"Educational Complex ""AIST School""";;;;;;Ukraine;21021;Vinnytsia;Prospekt Yunosti;9;00380432433826;;;http://aist.vn.ua/;;;;1990-01-01;;;;
6032f4c7-3d7d-4e7c-a955-a3115b6ca3a0;Bealings School;;;;;;United Kingdom;IP13 6LW;Little Bealings, Suffolk;Sandy Lane;Bealings School;00441473622376;;;http://www.bealings.net;;https://twitter.com/bealingsschool;;2008-01-01;;;;
178179f3-3207-4f6a-912c-0708ee4d447c;De Vrije Ruimte;;;;;;Netherlands;2517 HV;The Hague;Stadhouderslaan;15;0031702154800;;;http://www.devrijeruimte.org;;https://twitter.com/devrijeruimte1;;2000-01-01;;;;
659d1ba7-2215-4039-99dc-765d1dff0535;School De Paradox;;;;;;Netherlands;7251 EV;Vorden;Enkweg;17A;0031575470697;;;http://www.schooldeparadox.nl;https://www.facebook.com/pages/School-de-Paradox/124269154309673;https://twitter.com/SchoolDeParadox;;2004-01-01;;;;
ddc7e414-fa7e-449f-8111-d2a4daf11ee6;Alia College;;;;;;Australia;3123;Hawthorn East, VIC;Tooronga Road;405;0061398229622;;;http://www.alia.vic.edu.au;https://www.facebook.com/aliacollege;;;2002-01-01;;;;
35a855de-e891-4b3e-ad4e-cdb7e83df5e8;Blacktown Youth College;;;;;;Australia;2770;Hebersham, NSW;Mackellar Road;39;0061290115335;;;http://www.blacktownyouthcollege.nsw.edu.au;https://www.facebook.com/pages/Blacktown-Youth-College/342569422509021;;;1997-01-01;;;;
ed005aaf-e349-4284-851a-e16b849f543f;Instituto Helena Lubienska;;;;;;Brazil;50711-021;Recife;Rua Paraguassu;255;00558133121444;;;www.lubienska.com.br;;;;;;;;
d94f9c90-5dd2-40e6-9ea4-53a3b59ac0b2;Currambena Primary School and Preschool;;;;;;Australia;2066;Lane Cove, NSW;Longueville Road;205;0061294270644;;;http://currambena.nsw.edu.au;https://www.facebook.com/Currambena;https://twitter.com/Currambena;;1969-01-01;;;;
580e6327-43e1-4d21-97dc-da6c912cfb38;Maridahdi Early Childhood Community;;;;;;Australia;4350;Toowoomba, QLD;Bowtell Street;3;0061746351413;;;http://www.maridahdi.com;https://www.facebook.com/MaridahdiCommunity;;;1973-01-01;;;;
ee79e10b-0bd4-43e0-ab0e-746ea2fa5063;Preshil, The Margaret Lyttle Memorial School;;;;;;Australia;3101;Kew, VIC;Barkers Road;395;0061398176135;;;http://www.preshil.vic.edu.au;https://www.facebook.com/Preshil;https://twitter.com/preshilkew;;1930-01-01;;;;
50c8b572-c763-4437-a71a-ffd0f57e7103;Vlinderwijs School;;;;;;Belgium;2020;Antwerp;Erik Sasselaan;2;0032485935004;;;http://www.vlinderwijze.be;https://www.facebook.com/pages/Vlinderwijs/145993672095650;;;;;;;
ca0f9622-2da4-4d07-815b-d27d5b06f849;ALPHA Alternative School;;;;;;Canada;M5V 2M1;Toronto;Brant Street;20;0014163931880;;;http://alphaschool.ca;;;;1972-01-01;;;;
bb93ae24-d602-40b0-b0db-ee7542970d3f;Alternative High School;;;;;;Canada;T2T 5A5;Calgary;Street Southwest;5003 - 20;0014037777730;;;http://schools.cbe.ab.ca/b863;https://www.facebook.com/pages/Alternative-High-School-Calgary-Alberta/152925764759507;;;1974-01-01;;;;
2d26eaf0-946f-4f68-8b0c-f87d23eb90bd;Freewill International Learning Center;;;;;;Canada;V6E 1B0;Vancouver;Robson Street;1014;0016042838339;;;http://www.freewilluniversity.net;https://www.facebook.com/FreewillLearning;https://twitter.com/freewilllearn;;;;;;
cf459820-84cd-4f8d-ac14-8e358a6a7853;Ecole de la Neuville;;;;;;France;77650;Chalmaison;Rue Du Chateau;1;0033164088717;;;http://www.ecoledelaneuville.fr;https://www.facebook.com/pages/Ecole-de-la-Neuville/595558767174820;;;1973-01-01;;;;
e92d7b25-ea83-412f-bcac-566d0726eedc;Freie Aktive Schule Karlsruhe e.V.;;;;;;Germany;76149;Karlsruhe;Erzbergerstraße;131;004972194197933;;;http://faska.de;https://www.facebook.com/faska.de;;;1996-01-01;;;;
3d762888-3948-47b2-867e-7042d770a4a3;Freie Schule am Mauerpark;;;;;;Germany;13355;Berlin;Wolliner Straße;25;004942022690;;;http://www.freieschuleberlin.de;;;;2011-01-01;;;;
1f0ab480-a46e-4e40-b138-54bde8545d0d;Freie Aktive Schule Stuttgart;;;;;;Germany;70597;Stuttgart;Bopseräcker Straße;30;00497116733882;;;http://www.fas-stuttgart.de;;;;2001-01-01;;;;
1399274c-4d49-4e20-8b6e-64f36e0e687b;Schulwerkstatt e.V.;;;;;;Germany;72657;Altenriet;Walddörfer Straße;96;00497127925993;;;http://www.schulwerkstatt.com;;;;2011-01-01;;;;
c8f6d2c9-4929-47a4-8320-600799713779;Abacus Montessori School;;;;52.20455593;1.54890060;India;600096;Perungudi;Thirumalai Nagar Annexe III Main Road;3;00914424960904;;;http://www.abacusnow.com;;;;2011-01-01;;;;
a887136d-7849-4a91-8322-cc73ac886216;בית-הספר הדמוקרטי בבקעת אונו;;;;;;Israel;5529424;Kiryat Ono;Wingate Street;22;0097237360767;;;http://www.onodemocratic.com;https://www.facebook.com/democratic.school;;;1999-01-01;;;;
d6fd462b-0b6a-4842-ac48-2c0c52c726cc;Hod Hasharon Democratic School;;;;;;Israel;45105;Hod HaSharon;HaBanim Street;53;0097297456354;;;http://www.hhds.org.il;https://www.facebook.com/tihon.democratic.hod.hasharen;;;;;;;
fa5a4e35-c844-4316-b291-e434313707f3;"ביה""ס הדמוקרטי סאדברי ירושלים";;;;;;Israel;;Jerusalem;Mekor Haim Street;21;0097226749743;;;http://jerusalemsudbury.com;https://www.facebook.com/Jerusalem.Democratic.Sudbury.School;;;2002-01-01;;;;
ab84eb7e-d9f7-4245-a4f4-74b9a7717125;תיכון - קהילה - הדמוקרטי של תל אביב;;;;;;Israel;;Tel Aviv;Derekh Ben-Zvi;53;0097236206258;;;http://www.kehila.org.il;https://www.facebook.com/kehilaschool;https://twitter.com/kehilaschool;;2005-01-01;;;;
cb315c46-ef57-436a-8718-2655a445e469;"לבית הספר הדמוקרטי ""שחף""";;;;;;Israel;60850;Shoham;Adulam Street;1;0097237168811;;;http://www.shachaf.edu1.org.il;https://www.facebook.com/shachaf.Democratic.school;;;2002-01-01;;;;
5d37292b-8bb9-46be-aa39-4cd189c8ecf3;Nishinomiya Sudbury School;;;;;;Japan;662-0837;Nishinomiya, Hyōgo Prefecture;Hirotachō;2-15;0081798700777;;;http://www.nishinomiya-sud.com;https://www.facebook.com/nishinomiya.sud;https://twitter.com/nishinomiya_sud;;2000-01-01;;;;
2be6206f-c867-4d51-8a9c-e9d65da6a0f7;Sri Matri Aurobindo Vidhyalaya;;;;;;Nepal;44600;Mahadevthan;Tribhuvan Rajpath;;009779851103156;;;http://www.auronepal.net;https://www.facebook.com/pages/Sri-Aurobindo-Yoga-Mandir/149383535120586;;;1993-01-01;;;;
399d75bf-f272-4b33-85b0-a8f9656de029;Libertad-Breda School;;;;;;Netherlands;4803 ES;Breda;Doelen;36;0031628309035;;;http://www.libertad-breda.nl;https://www.facebook.com/076Libertad;https://twitter.com/libertad076;;;;;;
ce1d0c4c-da5d-416d-a185-cafa3462650b;Ao Tawhiti Unlimited Discovery;;;;;;New Zealand;8025;Halswell;McMahon Drive;90;006433654678;;;http://aotawhiti.school.nz;https://www.facebook.com/aotawhiti;https://twitter.com/aotawhiti;;1993-01-01;;;;
1ab05337-4862-452d-b606-d755ade1f346;Timatanga Community School;;;;;;New Zealand;0618;Whenuapai;Mamari Road;9;006494166000;;;http://www.davewilcox.co.nz/nz-schools/showschool/?school=4146;;;;;;;;
0f2dc64f-5335-484e-bbf8-d59111b3a2b1;Moscow International Film School;;;;;;Russia;115419;Moscow;Shabolovka Street;44;0074959544002;;;http://www.mifs.ru;https://www.facebook.com/filmcollege40;;;1991-01-01;;;;
faa67d99-97d0-459a-92ea-133b3aecb189;Radicle Roots Community Schoolhouse;;;;;;United States;78705;Austin, TX;Red River Street;3310;0015125296378;;;http://www.radicleroots.org;https://www.facebook.com/9thStreetSchoolhouse;;;;;;;
ab46fedd-4914-4783-b4f4-c213a21ffa5a;Alpine Valley School;;;;;;United States;80033;Wheat Ridge;Parfet Street;4501;0013032710525;;;http://www.alpinevalleyschool.com;https://www.facebook.com/AlpineValleySchool;https://twitter.com/AlpineValleySch;;1997-01-01;;;;
d92ce294-e468-46ce-b8f5-f8a665544776;Arts & Ideas Sudbury School;;;;;;United States;21214;Baltimore, MD;Harford Road;5801;0014104260001;;;http://www.aisudbury.com;https://www.facebook.com/pages/Arts-Ideas-Sudbury-School/372859716072;;;2008-01-01;;;;
be92a923-e263-42ab-9281-d0882ee6b5ec;Worcester Think Tank;;;;;;United States;01605;Worcester, MA;Harlow Street;36;0015087578265;;;http://www.worcesterthinktank.com;https://www.facebook.com/pages/Worcester-Area-Think-Tank/222828114430813;https://twitter.com/ThinkTankWorc;;;;;;
6d17dda6-e2c4-4666-b792-aded3d973508;The Circle School;;;;;;United States;17111;Harrisburg, PA;Oakleigh Avenue;210;0017175646700;;;http://circleschool.org;https://www.facebook.com/thecircleschool;https://twitter.com/circleschool;;1984-01-01;;;;
07a7da1e-3712-469a-826f-1ca7deff83bc;The Clearwater School;;;;;;United States;98012;Bothell, WA;196th Street Southeast;1510;0014254892050;;;http://clearwaterschool.com;https://www.facebook.com/ClearwaterSchool;https://twitter.com/clearwaterskool;;1996-01-01;;;;
7eb02158-4272-42d9-88e2-8439c0326edd;Eagle Rock School;;;;;;United States;80517;Estes Park, CO;Notaiah Road;2750;0019705860600;;;http://www.eaglerockschool.org;https://www.facebook.com/EagleRockSchool;https://twitter.com/EagleRockSchool;;1993-01-01;;;;
1db829c9-71e2-4606-83b9-67f8d89c8305;Eugene Sudbury School;;;;;;United States;97405;Eugene, OR;Parliament Street;2370;0015416835110;;;http://www.eugenesudburyschool.org;https://www.facebook.com/EugeneSudburySchool;;;;;;;
d9627b58-559e-4f5f-9c40-9d0b203531fd;Fairhaven School;;;;;;United States;20774;Town of Upper Marlboro, MD;Queen Anne Road;17900;0013012498060;;;http://www.fairhavenschool.com;https://www.facebook.com/FairhavenSchool;https://twitter.com/fairhavenschool;;;;;;
edde6c40-5c4b-4a3b-8e9a-3fe1ab0b1711;The Farm School – Solar Campus;;;;;;United States;38483;Summertown, TN;Schoolhouse Road;151;0019319642325;;;http://thefarmschool.tv;https://www.facebook.com/solarcampus;;;;;;;
8684403d-0871-4489-9ace-826f8be3ece2;Grassroots School;;;;;;United States;32311;Tallahassee, FL;Grassroots Way;2458;0018506563629;;;http://www.grassrootsschool.org;https://www.facebook.com/GrassrootsSchoolTallahassee;;;;;;;
2374f761-934b-49ac-8c6f-442f7381869e;Greenbriar Community School;;;;;;United States;78602;Bastrop, TX;Old Sayers Road;1411;0015122812661;;;http://greenbriarschool.org;https://www.facebook.com/groups/greenbriarschool;;;1969-01-01;;;;
bb80ba3e-807a-4f1a-b0bf-1a42c99ff103;Harmony School;;;;;;United States;47401;Bloomington, IN;East Second Street;909;0018123348349;;;http://www.harmonyschool.org;https://www.facebook.com/pages/Harmony-School/15919203118;https://twitter.com/School_Harmony;;1974-01-01;;;;
baca6dd8-42fb-40aa-b1b7-573772c52adb;Arlington Public Schools;;;;;;United States;22207;Arlington, VA;North Quincy Street;1426;0017032286000;;;http://www.apsva.us;https://www.facebook.com/ArlingtonPublicSchools;https://twitter.com/APSVirginia;;;;;;
98877f32-3257-4207-bc1d-a8a038bc78d1;Horizons School;;;;;;United States;30307;Atlanta, GA;DeKalb Avenue Northeast;1900;0014043782219;;;http://horizonsschool.com;https://www.facebook.com/HorizonsSchool;;;1978-01-01;;;;
ac3e9247-582b-4c22-8723-42fb1d3c551a;Hudson Valley Sudbury School;;;;;;United States;12401;Kingston, NY;Zena Road;84;0018456791002;;;http://www.hudsonvalleyschool.org;https://www.facebook.com/HudsonValleySudburySchool;;;1968-01-01;;;;
a66003e5-9cc7-42c3-82e2-a356a8744951;Kids by Nature;;;;;;United States;59901;Kalispell, MT;West Wyoming Street;807;0014062573358;;;http://kbnkids.com;https://www.facebook.com/pages/Kids-by-Nature/114583378572858;;;;;;;
52a2c381-e60d-4762-ad66-e60a44ae0e29;The Leeway Sudbury School;;;;;;United States;91941;La Mesa, CA;Alto Drive;9406;0016199004436;;;http://leewaysudburyschool.org;https://www.facebook.com/LeewaySudburySchool;;;2012-01-01;;;;
7d699ecb-ae38-425a-b371-e7308812e071;The Little Lake Learning Community;;;;;;United States;48103;Ann Arbor, MI;Lohr Road;3257;0017343234522;;;http://littlelakeschool.org;https://www.facebook.com/littlelakelearningcommunity;;;2010-01-01;;;;
eff26df2-f125-4282-89cb-3d6a553e8386;Marietta Johnson School of Organic Education;;;;;;United States;36532;Fairhope, AL;Marietta Drive;8;0012519289347;;;http://www.fairhopeorganicschool.com/;https://www.facebook.com/OrganicSchool;;;1894-01-01;;;;
09fe00a3-2011-4dac-934f-0d249e7cf639;The Met, The Metropolitan Regional Career and Technical Center;;;;;;United States;02905;Providence, RI;Public Street;325;0014017522600;;;http://metcenter.org;https://www.facebook.com/MetSchool;https://twitter.com/@metschool;;1993-01-01;;;;
4f45e360-aed8-4dc4-9553-9e6ed33da75e;Mountain Laurel Sudbury School;;;;;;United States;06052;New Britain, CT;West Main Street;147;0018608284077;;;http://www.mountainlaurelsudbury.org;https://www.facebook.com/MountainLaurelSudbury;https://twitter.com/@sudburyct;;2002-01-01;;;;
28032d46-49f8-434c-8e4e-6a29c72735f4;The New School of Northern Virginia;;;;;;United States;22031;City of Fairfax, VA;Silver King Court;9431;0017036913040;;;http://www.newschoolva.com;https://www.facebook.com/NSNVA;https://twitter.com/NewSchoolVA;;1989-01-01;;;;
81af2dc2-bfd7-4b8f-8583-7e83503417ff;The New School;;;;;;United States;19715;Newark, DE;Elkton Road;812;0013024569838;;;http://www.thenewschool.com;;;;1996-01-01;;;;
65bb45bd-05c8-468b-ac69-90fc837db6a4;The Patchwork School;;;;;;United States;80027;City of Louisville, CO;Main Street;1428;0017202716729;;;http://www.thepatchworkschool.com;https://www.facebook.com/thepatchworkschool;https://twitter.com/patchworkschool;;;;;;
9c6746f6-58e5-423c-a129-d1403aa7a77b;The Philadelphia Free School;;;;;;United States;19146;Philadelphia, PA;Christian Street;2001;0012152189586;;;http://www.phillyfreeschool.org;https://www.facebook.com/phillyfreeschool;https://twitter.com/kidsruleschool;;2011-01-01;;;;
ae3975bb-4a94-4e25-b3f1-22734a77e4df;Pono School;;;;;;United States;10035;New York, NY;5th Avenue;2002;0016464908517;;;http://pono.nyc;https://www.facebook.com/pages/Pono/122379027832662;https://twitter.com/pononyc;;;;;;
b368dc3c-fb1c-42cc-a2cb-cdec0dc183e8;The Real School;;;;;;United States;77004;Houston, TX;Wichita Street;2805;0017135230066;;;http://therealschoolhouston.org;;;;2006-01-01;;;;
78bf0a44-7d0e-4836-b8ca-9e5f53ae8b9d;SAIL High School;;;;;;United States;32304;Tallahassee, FL;Jackson Bluff Road;2006;0018504882468;;;http://www.sail.leon.k12.fl.us;;https://twitter.com/SAILPirates;;;;;;
158e982b-3499-46b3-9b59-ea0f041455d4;School Around Us;;;;;;United States;04046;Arundel, ME;Log Cabin Road;281;0012079673143;;;http://www.schoolaroundus.org;https://www.facebook.com/schoolaroundus;;;1970-01-01;;;;
90c6eea9-5d0b-498d-8be2-013e90dbb182;School-Within-a-School;;;;;;United States;99508;Anchorage, AK;East Northern Lights Boulevard;4025;0019077422172;;;http://www.asdk12.org/staff/snyder_gary/pages;;;;1977-01-01;;;;
bfd34449-13c9-472c-bfd9-547575a0551b;Spring Valley School;;;;;;United States;34683;Palm Harbor, FL;Nebraska Avenue;2109;0017277811234;;;http://www.springvalleyschool.com;https://www.facebook.com/Spring-Valley-School-218849954808038;;;;;;;
c32779a8-d5d2-4463-8bb3-b52ce857685d;Stone Soup Worcester;;;;;;United States;01610;Worcester, MA;King Street;4;0015084434974;;;http://www.stonesoupworcester.org;https://www.facebook.com/stonesoupworcester;;;;;;;
7bcaa45f-b1d1-4cfe-b657-13c55c6f9ab3;Sudbury School Of Atlanta;;;;;;United States;30032;Decatur, GA;Covington Highway;3260;0014045008680;;;http://www.sudburyschoolofatlanta.org;https://www.facebook.com/SudburySchoolOfAtlanta;;;;;;;
704c8ff6-38cf-4b95-a87d-ffd02d50154c;Tallgrass Sudbury School;;;;;;United States;60546;Riverside, IL;Woodside Road;82;0017087771037;;;http://www.tallgrasssudbury.org;https://www.facebook.com/tallgrasssudburyschool;https://twitter.com/TallgrassSudbur;;2008-01-01;;;;
e293b450-61cd-4e77-9157-b83d66e6668d;Village Free School;;;;;;United States;97214;Portland, OR;SE Water Avenue;1800;0015037883935;;;http://villagefreeschool.org;https://www.facebook.com/VFreeSchool;https://twitter.com/VFreeSchool;;2004-01-01;;;;
3fc8c84b-1ea4-478c-b161-cf3a6ba3042e;Voyagers' Community School;;;;;;United States;07724;Eatontown, NJ;Broad Street;215;0017328421660;;;http://www.voyagerskids.com;https://www.facebook.com/voyagerscommunityschool;https://twitter.com/voyagersschool;;;;;;
12e5345a-683e-4cd4-9e5e-4ab0375c0025;Wildcat Community Free School;;;;;;United States;94805;Richmond, CA;McBryde Avenue;5801;0015102376673;;;http://www.wildcatcommunityfreeschool.org;;;;;;;;
beb0b6eb-b05a-4739-8914-ca956b6db29b;Woodland Community School;;;;;;United States;03574;Bethlehem, NH;Brook Road;809;0016034441221;;;http://www.woodlandcommunityschool.org;https://www.facebook.com/Woodland-Community-School-1482816571938485;;;2002-01-01;;;;
146533e9-735a-4588-8ed6-2ae162221349;Kino School;;;;;;United States;85718;Tucson, AZ;North 1st Avenue;6625;0015202977278;;;http://www.kinoschool.org;https://www.facebook.com/kinoschool;;;;;;;
161992b3-05f6-4cbb-84d3-132f73b7ea45;Glacier Lake School;;;;;;United States;59865;St. Ignatius, MT;Wild Rose Lane;62551;0014067452345;;;www.glacierlakeschool.com;https://www.facebook.com/glacierlakeschool;https://twitter.com/glacierschool;;2014-01-01;;;;
cd004a87-04bc-4e67-9ff2-9f5d864c2f08;Autogéré High School;;;;;;France;75015;Paris;Rue De Vaugirard;393;0033014250394647;;;http://www.l-a-p.org;https://www.facebook.com/Lyc%C3%A9e-Autog%C3%A9r%C3%A9-de-Paris-108121119296692;;;;;;;
c81ad57e-4c9b-4e63-9508-ee7ff9df791d;Experimental High School of Saint-Nazaire;;;;;;France;44600;Saint-Nazaire;Boulevard René Coty;17;0033240667852;;;http://lycee-experimental.org;;;;1982-01-01;;;;
ab191d31-a0c4-4ea1-bad1-6faeff23a1d9;מרחב – גן ובית ספר דמוקרטי ברעננה;;;;;;Israel;4341404;Ra'anana;Ha-Palmakh Street;4;0097297412465;;;http://merchav-school.co.il;https://www.facebook.com/merchav.school;;;2012-01-01;;;;
62b7e857-2bb8-41e5-966c-6910161f178b;Cedarwood Sudbury School;;;;;;United States;95691;Santa Clara, CA;Warburton Avenue;2545;0014082962072;;;;;;;;;;;
4bd7e999-be97-4fa2-9d9e-9b3362b6f97d;The Living Arts School;;;;;;United States;80301;Boulder, CO;63rd Street;3796;0017203834406;;;http://www.livingartsschool.com;https://www.facebook.com/livingartsschool;;;2013-01-01;;;;
4f9b4c2d-0d21-49a5-9d3e-de1a796b342b;Shimer College;;;;;;United States;60616;Chicago, IL;South State Street;3424;0013122353500;;;http://www.shimer.edu;https://www.facebook.com/ShimerCollege;https://twitter.com/shimercollege;;1853-01-01;;;;
2aceb450-7780-4b5f-b2a7-627b6d6daa5b;Edward Devotion School;;;;;;United States;02446;Brookline, MA;Harvard Street;345;0016178794400;;;http://www.brookline.k12.ma.us/devotion;https://www.facebook.com/BrooklinePublicSchools;https://twitter.com/@BrooklinePublic;;1970-01-01;;;;
174653d9-6b56-491a-8a44-0af407734193;Children’s Community School;;;;;;United States;91411;Van Nuys, CA;Sylvan Street;14702;0018187806226;;;http://ccsteaches.org;https://www.facebook.com/childrenscommunityschoolvannuys;;;1981-01-01;;;;
c8d830ea-59c5-43c9-a865-cc7a331e3c56;Children’s Community School;;;;;;United States;19104;Philadelphia, PA;Spruce Street;4243;0012157241740;;;http://www.childrenscommunityschool.org;https://www.facebook.com/Childrens-Community-School-of-West-Philadelphia-314001316348;;;;;;;
4d2bd6cc-7271-4111-ad2f-12c5bc12f89d;Community School of Davidson;;;;;;United States;28036;Davidson, NC;Griffith Street;565;0017048966262;;;http://www.csdspartans.org;https://www.facebook.com/CSDCrier;;;2001-01-01;;;;
9cc14865-f3ec-4eea-a406-2f974e7ac262;Children's Community School;;;;;;United States;53572;Mount Horeb, WI;Parkway Drive;211;0016084374121;;;http://www.ccsmounthoreb.com;https://www.facebook.com/ccsmounthoreb;;;;;;;
01e9e24e-2d43-4084-9fca-2b6024b6b620;Children's Community Charter School;;;;;;United States;95969;Paradise, CA;Pentz Road;6830;0015308772227;;;http://paradisecccs.org;https://www.facebook.com/CCCSHawks;https://twitter.com/ParadiseCCCS;;;;;;
816dd504-426d-4599-a9b0-f0772865a239;Atrium School;;;;;;United States;02472;Watertown, MA;Grove Street;69;0016179234156;;;http://atrium.org;https://www.facebook.com/AtriumSchool;https://twitter.com/atriumschool;;;;;;
f81101f3-2ede-4e6b-9f01-92af6031f01c;Montessori Children’s Community;;;;;;United States;15143;Sewickley, PA;Chadwick Street;474;0014127418982;;;http://montessorichildrenscommunity.org;https://www.facebook.com/Montessori-Childrens-Community-484354675059749;;;;;;;
8ab77ed1-e7e9-47f1-9697-a322826d3fd7;Montessori Children's Community;;;;;;United States;60513;Brookfield, IL;Maple Avenue;3424;0017084859542;;;http://www.montessori-cc.org;https://www.facebook.com/Montessori-Childrens-Community-110002325705585;;;2008-01-01;;;;
16f301c3-c671-45fb-a4ba-0ec38d259d8b;Platte Valley School District;;;;;;United States;80644;Kersey, CO;Clark Street;501;0019703368500;;;http://www.plattevalley.k12.co.us;https://www.facebook.com/pvRE7;;;2004-01-01;;;;
83cf04cc-9621-4cc4-b40e-73641b273555;The Raleigh School;;;;;;United States;27607;Raleigh, NC;Raleigh School Drive;1141;0019195460788;;;http://www.raleighschool.org;https://www.facebook.com/raleighschool;;;1952-01-01;;;;
8a219dce-a588-41b5-a486-cd68c57b8b13;Antioch College;;;;;;United States;45387;Yellow Springs, OH;Morgan Place;1;0019377671286;;;http://antiochcollege.org;https://www.facebook.com/antiochcollege;https://twitter.com/AntiochCollege;;1850-01-01;;;;
b794f8bb-93b1-4d18-a1c1-a1ce36125302;The Real School;;;;;;United States;77004;Houston, TX;Wichita Street;2805;0017135230066;;;http://therealschoolhouston.org;;;;2006-01-01;;;;
03a4418c-a17c-4320-b074-e7619c9fc77e;Thompson Rivers University;;;;;;Canada;V2C 0C8;Kamloops;McGill Road;900;0012508285000;;;http://www.tru.ca;https://www.facebook.com/tru.kamloops;https://twitter.com/myTRU;;1970-01-01;;;;
943e82e5-1fff-4d4f-8e85-0da3a41088c9;Portage la Prairie School Division;;;;;;Canada;R1N 2C4;Portage la Prairie;3rd Street Northwest;535;0012048578756;;;http://www.plpsd.mb.ca;;;;;;;;
df6f6575-e18b-4194-8b3f-2ab4697118d2;Freie Schule Christophine;;;;;;Germany;71672;Marbach am Neckar;Ludwigsburger Straße;24a;004971443058098;;;http://www.freie-schule-marbach.de;https://www.facebook.com/Freie-Schule-Christophine-in-Marbach-162623737117678;;;;;;;
afcb344d-db30-4ac0-8902-1d340f490deb;De Mariënborn School;;;;;;Netherlands;6862 ZM;Oosterbeek;Mariënbergweg;28;0031263335274;;;http://www.demarienborn.nl;https://www.facebook.com/demarienborn;https://twitter.com/demarienborn;;;;;;
c0f04e09-17ac-4852-846c-c003cdcc9834;Dr. Jac. P. Thijsseschool;;;;;;Netherlands;6870 AB;Renkum;Bram Streeflandweg;111;0031317313049;;;http://jpthijsseschool.nl;https://twitter.com/JPThijsseschool;;;1996-01-01;;;;
99431a07-2264-433b-8ef2-882bdceb819f;Airborneschool;;;;;;Netherlands;6871 HV;Renkum;Bram Streeflandweg;53;0031317312567;;;http://www.airborneschool.nl;https://www.facebook.com/Airborneschool-Renkum-690784580947188;;;1944-01-01;;;;
ff790a33-0f8a-449e-9ae5-a509ee348f63;De Brouwerij School;;;;;;Netherlands;6717 LX;Ede;Horalaan;3а;0031488417700;;;http://www.sgmbrouwerij.nl;;;;;;;;
f6981928-dec8-47b2-94e1-096ceaed17b2;Prestolee Primary School;;;;;;United Kingdom;M26 1HJ;Radcliffe, Greater Manchester;Church Road;Prestolee Primary School;00441204331521;;;http://www.prestolee.bolton.sch.uk;;https://twitter.com/prestolee_1911;;1911-01-01;;;;
576a0fab-7a26-40de-b75a-84eecf5c8f79;Colegio Quillahua;;;;;;Chile;;Conchalí, Santiago;Avenida Cardenal Jose Maria Caro;1571;00566244296;;;http://www.colegioquillahua.cl;https://www.facebook.com/ColegioQuillahua;;;2010-01-01;;;1;
353c9122-cb5c-4f85-9227-494d15272486;ZŠ a MŠ Na Beránku;;;;;;Czechia;143 00;Prague;Pertoldova;3373/51;00420244402412;;;http://www.naberanku.cz;https://www.facebook.com/Z%C5%A0-a-M%C5%A0-Na-Ber%C3%A1nku-v-Praze-12-1453852854877848;https://twitter.com/ZSNaBeranku;;;;;1;
a5c81389-dd04-4703-ae69-ea2f8b1f5284;Academia Cotopaxi;;;;;;Ecuador;;San Francisco de Quito;De las Higuerillas y Alondras;Las Bromelias;0059322467411;;;http://www.cotopaxi.k12.ec;https://www.facebook.com/Cotopaxi.k12;https://twitter.com/acotopaxi;;;;;1;
fe863e36-6acb-42a3-965d-5361b5c67062;Με Ενα Καλειδοσκοπιο;;;;;;Greece;21100;Nafplio;Mesologgiou;13;00302752021355;;;http://www.meenakaleidoskopio.com;https://www.facebook.com/%CE%9C%CE%B5-%CE%95%CE%BD%CE%B1-%CE%9A%CE%B1%CE%BB%CE%B5%CE%B9%CE%B4%CE%BF%CF%83%CE%BA%CE%BF%CF%80%CE%B9%CE%BF-536791036402607;;;;;;1;
8bb69e89-86bd-4099-a4d8-09558d92e45f;1o Νηπιαγωγείο Γαργαλιάνων;;;;;;Greece;24400;Gargalianoi;Grigoriou;2E;00302763023182;;;http://blogs.sch.gr/1nipgarg;https://www.facebook.com/1%CE%BF-%CE%9D%CE%B7%CF%80%CE%B9%CE%B1%CE%B3%CF%89%CE%B3%CE%B5%CE%B9%CE%BF-%CE%93%CE%B1%CF%81%CE%B3%CE%B1%CE%BB%CE%B9%CE%B1%CE%BD%CF%89%CE%BD-298443343533260;;;;;;1;
3c71f6e2-ef33-48b6-80e5-992f0335b302;Isha Home School;;;;;;India;641114;Coimbatore;Velliangiri Foothills;Isha Home School;00914222515444;;;http://ishahomeschool.org;https://www.facebook.com/ishahomeschool;;;;;;1;
2e7f1eb8-cb43-4795-86f4-1280d25abf1f;Kangaroo Kids Education Ltd.;;;;;;India;400050;Mumbai;Swami Vivekanand Road;231;00912242013000;;;http://www.kkel.com;https://www.facebook.com/KangarooKidsPreschool;;;;;;1;
1fe79ef0-48eb-4ff5-8d1c-74493c5674e5;Minoh Children’s Forest School;;;;;;Japan;532-0032;Minoh, Osaka Prefecture;Onohara-nishi;6-15-31;0081727357676;;;http://kodomono-mori.com;https://www.facebook.com/kodomonomorigakuen;https://twitter.com/kodomomori;;;;;1;
9a570a5a-a7ab-4b45-a0ac-63acaff1736f;Humanity Explorational High School;;;;;;China;;Toucheng Township;Lane 75, Jixiang Road;5;0088639776056;;;http://en.hndehs.org;https://www.facebook.com/%E4%BA%BA%E6%96%87%E7%84%A1%E5%AD%B8%E7%B1%8D%E8%A1%8C%E5%8B%95%E9%AB%98%E4%B8%AD-Humanities-Explorational-High-School-197428987035257;;;;;;1;
e572aadd-74b1-4f17-b75f-3d4196589460;Tulum International School;;;;;;Mexico;77780;Tulum, Quintana Roo;Avenida Cobá Lote;2;;;;http://www.tuluminternationalschool.org;https://www.facebook.com/TulumInternationalSchool;;;;;;1;
169369b4-f0f9-40ed-abff-a2c1110971fd;Montessori Canela;;;;;;Spain;;Santa Coloma de Cervelló;Avinguda Comte Ramón Berenguer;138;0034900802285;;;http://montessoricaela.es;https://www.facebook.com/marco.bet.spain.montessori;https://twitter.com/spainmontessori;;;;;1;
1e922be7-cd93-4c4e-bca7-65f8ead26005;Jangu e.V.;;;;;;Uganda;;Berlin;Ankogelweg;68;0049307417752;;;http://www.jangu.org;https://www.facebook.com/JanguEv;https://twitter.com/jangu_ev;;;;;1;
93c14da9-2d97-438f-bf08-31aa81f0d32e;Ridgeway College;;;;;;South Africa;0920;Louis Trichardt;Leeu Street;;0027151610210;;;http://www.ridgewaycollege.co.za;https://www.facebook.com/RidgewayCollege;https://twitter.com/ridgewaycollege;;;;;;
8dc3659d-d7b3-4aa1-ab84-cca7c0fcad1c;KidZone Academy;;;;;;Egypt;;Giza;Sameh Gado Street;190;00201020769222;;;http://www.kidzoneacademy.com;https://www.facebook.com/KidZone.Academy;https://twitter.com/KidzoneAcademy;;;;;;
7866288c-4712-4b75-b464-a2ce5fee3ee9;International Community School of Addis Ababa;;;;;;Ethiopia;;Addis Ababa;Mauritania Street;;002510113711544;;;http://www.icsaddis.edu.et;https://www.facebook.com/ICSAddisAbaba;https://twitter.com/ICSAddis;;;;;;
ed8c5d5f-b5a6-4d00-b607-f87cc1b43156;American International School of Mozambique;;;;;;Mozambique;;Maputo;Rua de Rio Raraga;266;0025821491994;;;http://www.aism.co.mz;https://www.facebook.com/AISMMAPUTO;;;;;;;
b2239699-4fc2-497b-9b15-868d1efa089f;International School of Phnom Penh;;;;;;Cambodia;;Phnom Penh;Hun Neang Boulevard;;0085523425088;;;http://www.ispp.edu.kh;https://www.facebook.com/internationalschoolofphnompenhcambodia;https://twitter.com/isppcambodia;;;;;;
b8c3f964-dd78-4985-b987-543b22139383;Elsen Academy;;;;;;South Africa;6001;Port Elizabeth;Bird Street;21;0027415823289;;;http://www.elsen.co.za;https://www.facebook.com/Elsen.Academy;;;;;;;
8f786a7d-ccf2-4a2e-b875-7519a72f951f;Ward Academy for Girls;;;;;;Liberia;;Monrovia;Clay Street;96;00231880558608;;;http://www.freewebs.com/wardacademy;https://www.facebook.com/WardAcademy;;;;;;;
58dc7f64-3819-4dda-9c36-24fd62eb1509;Liberia Renaissance Education Complex;;;;;;Liberia;;Duazon, Margibi County;Duazon Road;;00231777117711;;;http://www.our-school-liberia.com;https://www.facebook.com/OurSchoolLiberia;;;;;;;
00c67dff-490c-45da-8958-b8074bcb9e0a;Sir  Harry Johnston  International  School;;;;;;Malawi;;Zomba;Kalimbuka Road;;002651525280;;;http://www.sirharryszomba.com;;;;;;;;
4c06883a-44d3-4581-a737-10d07e277d06;South Jersey Sudbury School;;;;;;United States;8055;Medford, NJ;Stokes Road;1303;0016096548225;;;http://www.southjerseysudburyschool.org;https://www.facebook.com/sjsudbury;;;;;;;
50ca87d3-89cd-4cc5-b097-889846349ce8;Makarios Learning Community;;;;;;United States;76092;Southlake, TX;Commerce Street STE 295;280;0016824226886;;;http://www.makarioslearningcommunity.org;https://www.facebook.com/makarioslearningcommunity;;;;;;;
c3d21314-fa2d-4ab3-8ac7-f1c5ba80e868;Kokosing Valley School;;;;;;United States;43022;Gambier, OH;Monroe Mills Road;10565;0017404272037;;;http://www.kokosingvalleyschool.org;https://www.facebook.com/kokosingvalleyschool;;;;;;;
c69857ee-551b-4957-820a-4a18a4372476;Shonan Sudbury School;;;;;;Japan;253-00445;Chigasaki;Jukkenzaka;2-1-56;;;;http://www.shonan-sudbury.org;;https://twitter.com/shonan_sudbury;;;;;;
77fd4682-b572-4fa8-8cd7-a0af4fbfb8df;Big Picture Philadelphia;;;;;;United States;19133;Philadelphia, PA;West Dauphin Street;126;0012676871172;;;http://www.bigpicturephiladelphia.org;;;;;;;;
320adc48-be8f-4c20-b1fc-d13dcadf8584;Boulder Sudbury School;;;;;;United States;;Boulder, CO;Folsom Street;2855;0017209430918;;;https://www.bouldersudbury.org;https://www.facebook.com/bouldersudbury;https://twitter.com/bouldersudbury;;;;;;
d495eb37-d7d9-47d4-9212-7c8e8250dab6;Prakticon School;;;;;;Netherlands;7003 DX;Doetinchem;Spoorstraat;11B;0031314389100;;;http://www.prakticon.com;https://www.facebook.com/Prakticon;https://twitter.com/Prakticon;;;;;;
5dff3664-35d8-481a-bfcb-ba6a9fab8dd4;The Unquowa School;;;;;;United States;06825;Fairfield, CT;Stratfield Road;981;0012033363801;;;http://unquowa.org;https://www.facebook.com/The-Unquowa-School-340068687289;;;;;;;
48b05dbb-0d19-47d3-b06c-3e0544dd9429;The Putney School;;;;;;United States;;Putney, VT;Houghton Brook Road;418;0018023875566;;;http://www.putneyschool.org;https://www.facebook.com/theputneyschool;https://twitter.com/PutneySchool;;;;;;
652acbb9-b86a-4b8e-8256-3cec6badda6f;The Calhoun School;;;;;;United States;10024;New York, NY;West End Avenue;433;0012124976500;;;http://www.calhoun.org;https://www.facebook.com/calhounschool;https://twitter.com/calhounschool;;;;;;
539507a3-a8d4-4554-be58-d40b254d6c8e;The Cambridge School of Weston;;;;;;United States;02493;Weston, MA;Georgian Road;45;0017816428600;;;http://www.csw.org;https://www.facebook.com/CambridgeSchool;https://twitter.com/WeAreCSW;;;;;;
f30eb1a7-07a3-4e21-9db7-7091f85bcfb9;Center for Collaborative Education;;;;;;United States;2111;Boston, MA;Harrison Avenue;33;0016174210134;;;http://cce.org;https://www.facebook.com/centerforcollaborativeed;https://twitter.com/cceboston;;;;;;
30db799e-6c88-4299-8e57-e37e6710abc9;Antioch University New England;;;;;;United States;03431-3516;Keene, NH;Avon Street;40;0016033573122;;;http://www.antiochne.edu;https://www.facebook.com/antiochuniversitynewengland;https://twitter.com/AntiochNewEng;;;;;;
9bbae0dd-1fc2-456a-a98e-83883b33d06c;Atlanta Neighborhood Charter School;;;;;;United States;30315;Atlanta, GA;Grant Street;688;0014046246226;;;http://atlncs.org;https://www.facebook.com/atlncs;https://twitter.com/atlncs;;;;;;
da3ff230-6754-465c-b419-a6585a7c1c52;Boston Green Academy;;;;;;United States;02135;Brighton, MA;Warren Street;20;0016176359860;;;http://bostongreenacademy.org;https://www.facebook.com/BostonGreenAcademy;https://twitter.com/BosGreenAcademy;;;;;;
6bf9850d-ebd8-43f6-bf8e-267fcf5512b8;Blackstone Academy Charter School;;;;;;United States;02860;Pawtucket, RI;Pleasant Street;334;0014017261750;;;http://www.blackstoneacademy.org;https://www.facebook.com/BlackstoneAcademyCharterSchool;;;;;;;
29350214-3e5f-4061-bee5-a50d5b826357;Brimmer and May School;;;;;;United States;02467;Newton, MA;Middlesex Road;69;0016175667462;;;http://www.brimmer.org;https://www.facebook.com/Brimmer-and-May-School-123107191068383;https://twitter.com/brimmerandmay;;;;;;
3cff4be3-1f85-4deb-82eb-164d58ab3d42;City-As-School High School;;;;;;United States;10014;New York, NY;Clarkson Street;16;0012123376800;;;http://www.cityas.org;https://www.facebook.com/CityAsSchoolNYC;https://twitter.com/cityasschool;;;;;;
635d0748-2c84-4e3c-8f1e-e2de4c0e1dc7;Nashville Big Picture High School;;;;;;United States;37209;Nashville, TN;Rural Avenue;160;0016153532081;;;http://bigpicturehs.mnps.org;;;;;;;;
cdf9c2da-76d9-466a-b085-5d18ebf5e044;Connecticut Experiential Learning Center;;;;;;United States;06405;Branford, CT;School Street;28;0012034334658;;;http://ctexperiential.org;https://www.facebook.com/Connecticut-Experiential-Learning-Center-196557147545;https://twitter.com/CTExperiential;;;;;;
b0ccde3f-adca-4a91-8690-fc837d0736f2;Fenway High School;;;;;;United States;02120;Boston, MA;Alleghany Street;67;0016176359911;;;http://www.fenwayhs.org;https://www.facebook.com/FenwayHighSchool;https://twitter.com/fenwayhs;;;;;;
6127f0a8-4d98-4aac-bf1c-20f992632f6a;Francis W. Parker Charter Essential School;;;;;;United States;01434;Devens, MA;Antietam Street;49;0019787723293;;;http://www.theparkerschool.org;;;;;;;;
049daea4-1425-4454-9df5-03bda9657bae;Humanities Preparatory Academy;;;;;;United States;10011;New York, NY;West 18th Street;351;0012129294433;;;humanitiesprep.org;;;;;;;;
6fcc79fc-25a5-4da8-b7c1-b1333e9fee51;Meridian Academy;;;;;;United States;02130;Jamaica Plain, MA;Brookside Avenue;54;0016172771118;;;http://www.meridianacademy.org;https://www.facebook.com/Meridian-Academy-179186212171594;;;;;;;
7ff1c197-9772-40d6-b218-f8e0adbb7c30;Sizer School, a North Central Charter School;;;;;;United States;01420;Fitchburg, MA;Rindge Road;500;0019783452701;;;https://www.ncces.org;https://www.facebook.com/ncces6;https://twitter.com/ncces;;;;;;
ba00d2df-201b-4efd-98cb-8a0f108dcbe5;Souhegan High School;;;;;;United States;03031;Amherst, NH;Boston Post Road;412;0016036739940;;;http://www.sau39.org/domain/178;https://www.facebook.com/Souhegan-High-School-212984675385499;https://twitter.com/SouheganHS;;;;;;
996f09c3-e2fa-429d-8e06-39c4972fabfb;Options High School;;;;;;United States;98225-6398;Bellingham, WA;Franklin Street;2015;0013606476871;;;https://options.bellinghamschools.org;https://www.facebook.com/OptionsHighSchool;https://twitter.com/OptionsHS;;;;;;
2250cd02-e914-4c9e-bf17-86a8d4045d44;Crawford Fourways Pre-Primary;;;;;;South Africa;;Sandton;Campbell Road;16;0027114658612;;;http://crawfordschools.co.za/?page_id=47;;;;;;;;
4f6148c3-ab05-4450-8c8a-1301a8ad02d1;Crawford Lonehill Pre-Primary;;;;;;South Africa;;Sandton;Lonehill Boulevard;17;0027114654484;;;http://crawfordschools.co.za/?page_id=49;;;;;;;;
24a61738-0958-4e76-9428-1315931e7061;La Scuola International School;;;;;;United States;94107;San Francisco, CA;20th Street;728;0014155589006;;;http://www.lascuolasf.org;https://www.facebook.com/lascuolasf;https://twitter.com/lascuolasf;;;;;;
d75e1e3f-8501-4655-968c-49e22d1d593e;Mareggen, officina del crescere;;;;;;Italy;16136;Genoa;Salita della Madonnetta;6;00393396625210;;;http://mareggen.jimdo.com;;;;;;;;
60fcfef0-cb6c-4da4-8601-50429c152731;Serendipity School;;;;;;United States;94002;Belmont, CA;Ponce Avenue;2820;0016505969100;;;http://www.serendipityschool.com;https://www.facebook.com/SerendipitySchool;https://twitter.com/SerendipityBel;;;;;;
f964e1ba-6429-46a1-b6d3-58f36db5e2cd;Stanley Park High School;;;;;;United Kingdom;SM5 4NS;Carshalton;Damson Way;;011442086475842;;;http://www.stanleyparkhigh.org.uk;;https://twitter.com/SPHHeads;;;;;;
8e6f59d0-73d7-4dc8-b2bd-5196c03310d3;Lipson Co-operative Academy;;;;;;United Kingdom;PL4 7PG;Plymouth;Bernice Terrace;;011441752671318;;;http://www.lipsonco-operativeacademy.coop;https://www.facebook.com/LipsonTheCooperativeAcademy;https://twitter.com/LipsonAcademy;;;;;;
8b50d6da-68f6-442d-a55d-d01cabd1d0a7;Big Picture Middle & High School;;;;;;United States;93706;Fresno, CA;South Trinity Street;1207;0015594201234;;;http://www.bphsf.org;;https://twitter.com/BPHS_Fresno;;;;;;
dcd3bf0b-c0a8-407e-b5eb-a7e894da812b;"""Quest to Learn"" (Q2L) School";;;;;;United States;10011;New York, NY;West 18th Street;351;0012124883645;;;http://www.q2l.org;https://www.facebook.com/Quest-to-Learn-120277724737311;https://twitter.com/Q2L_NYC;;;;;;
24d0bcc5-bc07-4241-b9fd-ff2906f207a9;EDUHSD Virtual Academy;;;;;;United States;95623;El Dorado, CA;Koki Lane;6540;0015306226212;;;http://www.edvirtualacademy.com;https://www.facebook.com/eduhsdvirtualacademy;https://twitter.com/EDUHSDVA;;;;;;
1327b308-8962-4c60-9d35-41daa2d9bed4;Met Sacramento High School;;;;;;United States;95818;Sacramento, CA;V Street;810;;;;http://www.metsacramento.org;https://www.facebook.com/groups/18111093269;;;;;;;
fa5848df-f3e2-4490-a6da-4779bde7cea0;Santa Monica Alternative School House;;;;;;United States;90405;Santa Monica, CA;5th Street;2525;0013103962640;;;http://smash-smmusd.org;https://www.facebook.com/SMASH.PTSA;;;;;;;
10bc63c6-b08a-4ea9-9451-96474de64555;Big Picture South Burlington;;;;;;United States;05403;South Burlington, VT;Dorset Street;550;0018026527565;;;http://bigpicturesb.net;https://www.facebook.com/bigpicturesouthburlington;https://twitter.com/bigpicturesb;;;;;;
f751504d-a9e7-479c-901e-e5b79fcfb4af;Bellevue Big Picture School;;;;;;United States;98007;Bellevue, WA;Southeast 22nd Street;14844;0014254567800;;;http://www.bsd405.org/bigpicture;https://www.facebook.com/bellevuebigpic;https://twitter.com/bellevuebigpic;;;;;;
b63ff241-d44a-48f9-b0dd-70ecb91936ce;SMYL Community College;;;;;;Australia;6168;Rockingham, WA;Tesla Road;32;0061895509400;;;http://www.smylcollege.wa.edu.au;;;;;;;;
ab1d8e8e-f808-4070-92cd-8223b9e3a717;Blue Gum School;;;;;;Australia;2602;Hackett, ACT;Maitland Street;114;0061262306776;;;http://www.bluegum.act.edu.au;https://twitter.com/bluegumschool;;;;;;;
c9ed45f1-828d-4ca1-98b4-bb822643918c;Child Side School;;;;;;Australia;6237;Boyanup, WA;Armstrong Road;32;0061897315232;;;http://childsideschool.wa.edu.au;;;;;;;;
02e2d35d-f8ba-41f0-83a4-384e31aec7f9;MET Praktijkonderwijs Waalwijk;;;;;;Netherlands;5146 BA;Waalwijk;Koetshuislaan;1;0031416333416;;;http://www.met-pro.nl;;;;;;;;
6600fe24-a8e9-4f26-8d73-a4e106877b6a;LMC PrO Huismanstraat;;;;;;Netherlands;3082 HK;Rotterdam;Huismanstraat;30;0031102974580;;;http://www.huismanstraat.lmc-pro.nl;https://www.facebook.com/LMC-PRO-Huisman-208949052462460;;;;;;;
f1922528-1bc5-4937-9bf2-a6c39ab9786e;Futura College;;;;;;Netherlands;3442 JB;Woerden;Abeellaan;2;0031348457320;;;http://www.futuracollege.nl;https://www.facebook.com/Futura-College-377635435647786;https://twitter.com/futuracollege;;;;;;
f2af958b-7cf2-436b-975a-769c6868853c;Rocky Mountain School of Expeditionary Learning;;;;;;United States;80222;Denver, CO;South Holly Street;1700;0013037592076;;;http://www.rmsel.org;https://www.facebook.com/rmsel;;;;;;;
0347bbe1-5f85-42f8-9a30-d77acd771b19;Sands School;;;;;;United Kingdom;TQ13 7AX;Ashburton, Devon;East Street;48;00441364653666;;;http://www.sands-school.co.uk;;;;1987-01-01;;;;
cca67b7a-a3d0-43e0-9efa-a6f686d2cf31;La Escuela Tximeleta;;;;;;Spain;;Pamplona, Navarre;Calle Loma Santa Lucia;;0034948251082;;;http://www.tximeleta.org;;;;;;;;
fae103f3-8f74-44f6-8f75-7b87b350ba6c;Nuestra Escuela;;;;;;Puerto Rico;00-926;San Juan;San Claudio Avenue;352;0017872580636;;;www.nuestraescuela.org;;https://twitter.com/nuestraescuela;;2000-01-01;;;;
0f079dc9-c81c-4d86-ab68-04b95c2e4cd9;Brookline High School;;;;;;United States;02445;Brookline, MA;Greenough Street;115;0016177135000;;;http://bhs.brookline.k12.ma.us;;;;;;;;
25caea77-6e6f-4cc4-b3a0-581b2fbb3b4a;Næstved Fri Skole;;;;;;Denmark;4700;Næstved;Havrebjergvej;3;004555701054;;;http://naestved-fri-skole.dk;;;;1998-01-01;;;;
eb721e13-c9a8-4177-8929-47645db4dd7c;Tamariki School;;;;;;New Zealand;8062;Christchurch;St Johns Street, Woolston;86;006433849014;;;http://www.tamariki.school.nz;https://www.facebook.com/TamarikiSchool;;;1966-01-01;;;;
3b7373bf-4a81-46aa-bb80-b2d671f99c80;De Ontdekking, sociocratische school Drenthe;;;;0.00000000;0.00000000;Netherlands;9521 BC;Nieuw-Buinen;Noorderdiep;99;0031599785373;;;http://www.deontdekkingdrenthe.nl;https://www.facebook.com/DeOntdekkingSociocratischeSchoolDrentheEo;https://twitter.com/DeOntdekkingDR;;2013-01-01;;;;
d3dcc17a-db5d-4243-a492-0d708db82716;Hindu Vidyapeeth UK;;;;;;United Kingdom;GU5 0DX;Bramley, Surrey;Eastwood Road;71;;;;http://www.hvpuk.org.uk;https://www.facebook.com/home.php?sk=group_23184340336;;;;;;1;
5e29ab75-52d9-4ffd-a7c1-4155ffd8aced;Schulkollektiv Wien;;;;;;Austria;1090;Vienna;Währinger Straße;59;004314094646;;;http://schulkollektiv-wien.wuk.at;;;;1987-01-01;;;;
d7e71d32-b240-486a-8c0b-f26200fe4396;Stella Maris International School;;;;0.00000000;0.00000000;Mozambique;;Nampula;Avenida Eduardo Mondlane;36;0025826218727;;;http://smis.edu.mz/nampula;;;;;;;;
08d3b160-70f4-47cd-9b14-428ec229cc1b;Agile Learning Center;"Some things are central to what Agile Learning Centers are about, while other elements are flexible and may vary between communities. We use a metaphor of a tree to illustrate this aspect of the ALC educational model more clearly.

The soil we grow from is trust: in students, in each other, in you. The four assumptions—roots—which ground us are as follows:

Learning: Learning is natural. It’s happening all the time.
Self-Direction: People learn best by making their own decisions. Children are people.
Experience: People learn more from their culture and environment than from the content they are taught. The medium is the message.
Success: Accomplishment is achieved through cycles of intention, creation, reflection and sharing.
We recognize twelve guiding principles as branches which communities refer to when developing new tools and practices.";Abigail;Oulton;0.00000000;0.00000000;United States;10029;New York;East 106th Street;115;0012125332826;;;http://nycagile.org;https://www.facebook.com/NYCAgile;https://twitter.com/nycagile;;2008-01-01;;;;
09adf863-a37c-4a48-9292-1fb1eeb1a97d;Hope Flowers School;;;;;;Palestinian Territory;167;Al-Khader, Bethlehem;;Hope Flowers School;009722 2740693;;;www.hopeflowersschool.org;https://www.facebook.com/HopeFlowersSchool;https://twitter.com/THFSchool;;1984-01-01;;;;
c6eb15c9-0716-4b76-958d-b19a538be3ae;Lindenschule neu in Emmen;;;;;;Switzerland;CH-6208;Oberkirch;;Halden farm;00419221033;;;www.lindenschule.ch;;;;2009-01-01;;;;
7b83683b-9cda-413b-9150-179c57aaff9f;Democratische School Utrecht;;;;;;Netherlands;;;;;0031627032481;;;http://democratischeschoolutrecht.wordpress.com/;https://www.facebook.com/DemocratischeSchoolUtrecht;;;;;;;
ab82605d-1d27-43b0-a148-6af9f8443cb2;Kalapa, Comunidad de Aprendizaje;;;;;;Colombia;;Sopó;;;00573102660074;;;http://www.kalapa.com.co;https://www.facebook.com/groups/792602420802735;;;;;;1;
759db917-5a52-42a1-a734-92940da4befa;Colegio Naleb;;;;;;Guatemala;;;;;;;;https://colegionaleb.wordpress.com;;;;;;;;
b4ed6b6c-1a6b-475e-b719-04ce548fa7e4;Cofradía’s Bilingual School;;;;;;Honduras;;Cofradía;;;0050425092666;;;http://cofradiaschool.com;https://www.facebook.com/Cofradias-Bilingual-School-90229785978;;;;;;1;
fc525eb0-eb3e-47a9-92bf-8c7f889693e8;MindLife Success;;;;;;Singapore;;;;;;;;http://mindlifesuccess.com;https://www.facebook.com/mindlifesuccess;;;;;;1;
a96ac806-0ea3-4576-88b2-51340c8acf8c;Esiteti Primary School;;;;;;Kenya;00209;Loitokitok;;;;;;http://www.askenya.org;https://www.facebook.com/askenya;https://twitter.com/ASKenya;;;;;;
8bece64c-29a6-4201-b783-656ebbe5af45;SchülerInnenschule;;;;;;;;;;;;;;http://www.schuelerinnenschule.at/unsere-schule;;;;;;;;
4d5e8b04-407c-4812-b9bd-3b981deafa92;Canadian Montessori Academy Mozambique;;;;;;Mozambique;;;;;00258843057040;;;;https://www.facebook.com/Canadian-Montessori-Academy-Mozambique-504919199566214;;;;;;;
53df55cc-17df-41a7-965d-f490641eb79c;Ojo de Agua — ambiente educativo;;;;;;Spain;;Orba, Alicante;;Ojo de Agua;0034639104274;;;http://ojodeagua.es;;;;1999-12-01;;;;
5a6b8017-f2ff-4e7e-be93-fdd5b0ac2e07;Pumariños School;;;;;;Spain;36214;Vigo;;Camiño dos Pumariños;;;;http://pumarios.blogaliza.org;;;;;;;;
896d3fdc-6841-427a-82b1-7fcb7da1f46e;Feeniks-koulu;;;;;;Finland;;;;;00358504386658;;;http://www.feeniks-koulu.fi;https://www.facebook.com/groups/114566038597034;https://twitter.com/Feenikskoulu;;2005-01-01;;;;
57c7e8e1-af75-4682-bc82-7a4b452de1dd;בבית הספר הדמוקרטי כנף;;;;;;;;Eliad, Golan Heights;;;04-6762096;;;http://www.kanaf.org.il;https://www.facebook.com/pages/%D7%91%D7%99%D7%AA-%D7%94%D7%A1%D7%A4%D7%A8-%D7%94%D7%93%D7%9E%D7%95%D7%A7%D7%A8%D7%98%D7%99-%D7%9B%D7%A0%D7%A3/239176142897693;;;;;;;
eb662ed5-664a-4a26-9b14-2926fc7c97f1;Global Village School;;;;;;United States;93024;Ojai, CA;;;0018056469792;;;http://www.globalvillageschool.org;https://www.facebook.com/globalvillageschool;https://twitter.com/GVillage_School;;1999-01-01;;;;
59c09309-110f-4839-9fb5-11e8a6769d1b;The Open School;;;;;;United States;;;;;0019493735440;;;http://www.openschooloc.com;https://www.facebook.com/TheOpenSchool;https://twitter.com/OpenSchoolOC;;2016-01-01;;;;
dcf4cd9a-91bb-4ad5-90aa-4d218f301fea;The Sudbury School of Kentuckiana;;;;;;United States;;;;;;;;http://www.sudburykentuckiana.org;https://www.facebook.com/sudburykentuckiana;;;1968-01-01;;;;
63be50f2-469c-4bd8-bc41-02e121e2e309;Democratic School in Bergen County;;;;;;United States;;;;;;;;https://bergenfreeschool.wordpress.com;;https://twitter.com/BergenFree;;;;;;
018cc1bb-830e-47b6-b5ba-00d8514989e0;Child'space;;;;;;Australia;;Busselton;;Sabina Vale Farm;;;;http://thechildspace.blogspot.com.au;https://www.facebook.com/The-Childspace-Project-482640831811895;;;2011-01-01;;;;
2dfc6122-8c95-49a4-9ae9-85a91c25e56f;Peninsula International Academy;;;;;;Belize;;Placencia;;Sunset Pointe;005016013523;;;https://peninsulaacademy.shutterfly.com;https://www.facebook.com/PeninsulaInternationalAcademy;;;;;;1;
d964f485-bb43-48e3-a450-e2bf9a87d135;Amerikanoestudios;;;;;;Costa Rica;;Puntarenas;;;0050626350223;;;http://www.amerikanoestudios.org;;;;2011-01-01;;;1;
53aea46f-2d45-4fdd-8b0d-6da8615d01b3;Elementary School of Fourfouras;;;;;;Greece;74061;Fourfouras, Crete;;Elementary School of Fourfouras;00302833041268;;;https://fourfourasweb.wordpress.com;https://www.facebook.com/%CE%A6%CE%BF%CF%85%CF%81%CF%86%CE%BF%CF%85%CF%81%CE%AC%CF%82tv-222493577814046;;;;;;1;
02960bee-e410-4c9d-82b2-48496fd41f73;Kavalkád - Egri Demokratikus Tanulóközösség;;;;;;Hungary;3300;Eger;;;;;;http://kavalkadeger.blogspot.hu;https://www.facebook.com/KavalkadEger;;;;;;1;
048e36ff-db3b-45dd-8522-96faa0163cf5;Nava Prabha Alternative School;;;;;;Nepal;;Bhaktapur;;;0097716620622;;;http://beyondnepal.org;https://www.facebook.com/BEYOND.Nepal2009;;;;;;;
c9ad73f2-48a7-43b9-b6e2-e8b792839d49;ابن خلدون للتعليم المنزلي (Ibn Khaldun Homeschooling);;;;;;Turkey;;Istanbul;;;;;;http://ibn-khaldon.com;https://www.facebook.com/ibnkhaldon.homeschooling;https://twitter.com/ibnkhaldon_hs;;;;;;
0d0db96e-a8f2-4c79-a0be-9cbfe5784877;Madagascar School Project;;;;;;Madagascar;;Antananarivo;;;;;;http://www.madagascarschoolproject.com;https://www.facebook.com/Madagascar-School-Project-488515571199723;;;;;;;
254b5b06-1c96-4618-b8b8-fc92dc32e9d8;Niger - Ecole de l'Acacia;;;;;;Niger;;;;;;;;http://www.ecole-acacia.org;https://www.facebook.com/ecoledelacacia;;;;;;;
cb99266a-6c80-4a75-b7a7-ee73a96beb7d;Sudbury School Emek Haelah;;;;;;Israel;;;;;00972546460930;;;http://www.sudburyemekhaelah.com;https://www.facebook.com/ellasudbury;;;;;;;
5f7111af-fa33-418f-a0b2-43d5dd4a1cbf;Houston Sudbury School;;;;;;United States;77274;Houston, TX;;;0018326960626;;;http://houstonsudburyschool.org;https://www.facebook.com/houstonsudbury;https://twitter.com/HouSdburySchool;;;;;;
52e44091-ced7-442a-a591-dec1695ee9a4;Mount Sinai International School;;;;;;Malawi;;Lilongwe;;;002651772210;;;http://www.mountsinaiinternationalschools.com;https://www.facebook.com/MountSinaiInternationalSchool;;;;;;;
6ce9ff10-b87f-4cc7-b027-780f4258d581;Wellspring Academy;;;;;;Chad;;N'Djamena;;;;;;http://wellspringacademychad.org;;;;;;;;
af3d08e7-b8a7-4203-9149-68d19fae2307;Association for Homeschooling (Vereniging vir Tuisonderwys);;;;;;South Africa;;;;;;;;http://www.sahomeschoolers.org;https://www.facebook.com/sahomeschoolers;https://twitter.com/sahomeschoolers;;;;;;
e25108e1-e8c2-4927-8110-28695f86b380;Cape Home Educators;;;;;;South Africa;;;;;00270881274484;;;http://www.capehomeed.co.za;https://www.facebook.com/CapeHomeEducators;;;;;;;
2292f9ef-72f0-4f60-a867-1ad8645c6def;Progetto di Educazione Libertaria “I Saltafossi”;;;;;;Italy;;;;;00393334700945;;;https://associazionemerzbau.wordpress.com;;;;;;;;
24877928-045d-4dc0-98d7-463a88ca232a;Serendipita Scuola;;;;;;Italy;;;;;00393487855961;;;http://lilliput-osimo.blogspot.it;;;;;;;;
da887762-8fe5-4216-8ba4-eb67e5ae230a;The Democratic School of Hadera;;;;;;Israel;38242;Hadera;;Brandeis Rove;0097246225261;;;http://www.democratics.org.il;https://www.facebook.com/tikshoret.demo;;;1987-01-01;;;;
46c3e43c-7596-45e6-a184-1382641c6241;The Greenhouse: A Learning Center for Missionary Children;;;;;;Cameroon;;;;;;;;https://fescam.wordpress.com;;;;;;;;
